Id_commune;nom_commune
0;SAINT-ETIENNE-DU-BOIS
1;CHEVRY
2;DIVONNE-LES-BAINS
3;PERON
4;VALSERHONE
5;CULOZ
6;ST-GENIS-POUILLY
7;OYONNAX
8;ST-GERMAIN-DE-JOUX
9;GEX
10;AMBERIEU-EN-BUGEY
11;CESSY
12;SAULT-BRENAZ
13;FERNEY-VOLTAIRE
14;SEGNY
15;LAGNIEU
16;LE POIZAT-LALLEYRIAT
17;BELLEY
18;ORNEX
19;DORTAN
20;PREVESSIN-MOENS
21;BRENOD
22;SAINT-JEAN-LE-VIEUX
23;NANTUA
24;SAINT-DENIS-EN-BUGEY
25;THOIRY
26;BELLIGNAT
27;PLATEAU D'HAUTEVILLE
28;LELEX
29;VESANCY
30;IZERNORE
31;ECHENEVEX
32;VERSONNEX
33;SAINT-VULBAS
34;COLLONGES
35;CHAMPAGNE-EN-VALROMEY
36;JUJURIEUX
37;MATAFELON-GRANGES
38;HAUT-VALROMEY
39;ARBENT
40;LOYETTES
41;MIJOUX
42;SERGY
43;FARGES
44;CROZET
45;VILLARS-LES-DOMBES
46;MEXIMIEUX
47;MONTCEAUX
48;MONTLUEL
49;JASSANS-RIOTTIER
50;BEAUREGARD
51;DAGNEUX
52;MIONNAY
53;VILLIEU-LOYES-MOLLON
54;CHAUNY
55;LAON
56;LA FERE
57;URCEL
58;SAINT GOBAIN
59;TERGNIER
60;FOLEMBRAY
61;SAINT QUENTIN
62;SOISSONS
63;COURMELLES
64;VIC SUR AISNE
65;VILLERS-COTTERETS
66;LARGNY SUR AUTOMNE
67;NANTEUIL LA FOSSE
68;VAILLY-SUR-AISNE
69;COEUVRES ET VALSERY
70;BELLEU
71;CHATEAU THIERRY
72;FERE EN TARDENOIS
73;MOULINS
74;YZEURE
75;CUSSET
76;VICHY
77;SISTERON
78;RIEZ
79;ENCHASTRAYES
80;CHATEAU-ARNOUX-SAINT-AUBAN
81;DIGNE-LES-BAINS
82;MONTCLAR
83;ALLOS
84;CASTELLANE
85;JAUSIERS
86;LE LAUZET UBAYE
87;SEYNE
88;SAINTE CROIX DU VERDON
89;FAUCON-DE-BARCELONNETTE
90;BARCELONNETTE
91;GREOUX-LES-BAINS
92;SAINT-MARTIN-DE-BROMES
93;PEIPIN
94;VOLX
95;FORCALQUIER
96;SELONNET
97;MANOSQUE
98;UVERNET-FOURS
99;NOYERS-SUR-JABRON
100;PIERRERUE
101;ORAISON
102;L ESCALE
103;VILLENEUVE
104;VALENSOLE
105;VOLONNE
106;SAINTE-TULLE
107;SAINT-ETIENNE-LES-ORGUES
108;DEMANDOLX
109;BARREME
110;LARAGNE-MONTEGLIN
111;SAINT-MICHEL-DE-CHAILLOL
112;MONTGARDIN
113;VARS
114;EMBRUN
115;SAINT-SAUVEUR
116;BRIANCON
117;ORCIERES
118;VALLOUISE-PELVOUX
119;L'ARGENTIERE-LA-BESSEE
120;GAP
121;LE DEVOLUY
122;LA CHAPELLE-EN-VALGAUDEMAR
123;ABRIES-RISTOLAS
124;LA SALLE
125;VEYNES
126;ANCELLE
127;LES ORRES
128;SERRES
129;RISOUL
130;CHORGES
131;PUY SAINT VINCENT
132;SAINT-BONNET-EN-CHAMPSAUR
133;NEVACHE
134;LE MONETIER-LES-BAINS
135;LA BATIE NEUVE
136;GUILLESTRE
137;SAVINES-LE-LAC
138;MONTGENEVRE
139;LAYE
140;PUY-SANIERES
141;SAINT-CHAFFREY
142;NICE
143;NICE
144;NICE
145;SAINT-ANDRE DE LA ROCHE
146;LA TRINITE
147;FALICON
148;NICE
149;MENTON
150;ROQUEBRUNE CAP MARTIN
151;BEAUSOLEIL
152;LA BRIGUE
153;SAORGE
154;TENDE
155;SOSPEL
156;CASTELLAR
157;CASTILLON
158;GORBIO
159;MOULINET
160;BREIL-SUR-ROYA
161;SAINTE-AGNES
162;VILLEFRANCHE-SUR-MER
163;ISOLA
164;PEONE
165;VALDEBLORE
166;BEAULIEU SUR MER
167;PEILLON
168;DRAP
169;L'ESCARENE
170;CAP-D AIL
171;VILLARS-SUR-VAR
172;SAINT-MARTIN-VESUBIE
173;BENDEJUN
174;SAINT-ETIENNE-DE-TINEE
175;SAINT-MARTIN-DU-VAR
176;CONTES
177;LA TURBIE
178;GUILLAUMES
179;PEILLE
180;EZE
181;GILETTE
182;ROQUEBILLIERE
183;COLOMARS
184;SAINT-JEAN-CAP-FERRAT
185;LEVENS
186;BEUIL
187;BERRE-LES-ALPES
188;TOUDON
189;BLAUSASC
190;BELVEDERE
191;LUCERAM
192;LANTOSQUE
193;ASPREMONT
194;LA BOLLENE-VESUBIE
195;RIMPLAS
196;CANTARON
197;CLANS
198;LA ROQUETTE SUR VAR
199;UTELLE
200;PUGET-THENIERS
201;LE CANNET
202;MOUANS-SARTOUX
203;VALLAURIS
204;ANTIBES
205;ANTIBES
206;LA ROQUETTE SUR SIAGNE
207;MOUGINS
208;BIOT
209;CANNES
210;CANNES
211;MANDELIEU-LA-NAPOULE
212;GRASSE
213;PEGOMAS
214;THEOULE-SUR-MER
215;CARROS
216;VENCE
217;SAINT-CEZAIRE-SUR-SIAGNE
218;LE BROC
219;SAINT-VALLIER-DE-THIEY
220;LA GAUDE
221;LE BAR-SUR-LOUP
222;VALBONNE
223;GREOLIERES
224;PEYMEINADE
225;ANDON
226;CAGNES SUR MER
227;VILLENEUVE-LOUBET
228;SAINT LAURENT DU VAR
229;LA COLLE SUR LOUP
230;SAINT-PAUL-DE-VENCE
231;SAINT-JUST-D'ARDECHE
232;VALS-LES-BAINS
233;BOURG-SAINT-ANDEOL
234;GRAVIERES
235;SALAVAS
236;AUBENAS
237;LA-VOULTE-SUR-RHONE
238;PRIVAS
239;CHARMES-SUR-RHONE
240;VALLON PONT D'ARC
241;LABEGUDE
242;RUOMS
243;LANAS
244;SAINT-SERNIN
245;SAINT-GEORGES-LES-BAINS
246;VIVIERS
247;SAINT-MONTAN
248;ST JULIEN EN ST ALBAN
249;SAINT-MARTIN-D' ARDECHE
250;TOURNON-SUR-RHONE
251;SAINT-PERAY
252;GUILHERAND-GRANGES
253;ANNONAY
254;SARRAS
255;FELINES
256;SAINT-JEAN-DE-MUZOLS
257;DAVEZIEUX
258;CHARLEVILLE-MEZIERES
259;GIVET
260;SAINT-LAURENT
261;RETHEL
262;SEDAN
263;CARIGNAN
264;BALAN
265;BAZEILLES
266;USTOU
267;SAVERDUN
268;FOIX
269;SAINT-JEAN-DU-FALGA
270;LUZENAC
271;AX-LES-THERMES
272;MIREPOIX
273;LAVELANET
274;PAMIERS
275;DAUMAZAN-SUR-ARIZE
276;SAINTE SAVINE
277;ROSIERES PRES TROYES
278;ROMILLY SUR SEINE
279;SAINT JULIEN LES VILLAS
280;SAINT ANDRE LES VERGERS
281;TROYES
282;TRAINEL
283;LA CHAPELLE ST LUC
284;BAR SUR AUBE
285;PONTSAINTE MARIE
286;NOGENT SUR SEINE
287;LES NOES PRES TROYES
288;COLOMBE LA FOSSE
289;DIENVILLE
290;CARCASSONNE
291;CASTELNAUDARY
292;PEXIORA
293;TREBES
294;LAVALETTE
295;LIMOUX
296;RENNES LES BAINS
297;FITOU
298;SIGEAN
299;PORT-LA-NOUVELLE
300;GRUISSAN
301;LEUCATE
302;NARBONNE
303;VINASSAN
304;FLEURY D AUDE
305;BOUTENAC
306;PEYRIAC DE MER
307;BAGES
308;LEZIGNAN-CORBIERES
309;SALLES D AUDE
310;MOUSSAN
311;COURSAN
312;LE MONASTERE
313;MARSEILLE 2EME
314;MARSEILLE 4EME
315;MARSEILLE 1ER
316;MARSEILLE 16EME
317;MARSEILLE 15EME
318;MARSEILLE 3EME
319;MARSEILLE 14EME
320;MARSEILLE 14EME
321;MARSEILLE 10EME
322;MARSEILLE 7EME
323;MARSEILLE 5EME
324;MARSEILLE 6EME
325;MARSEILLE 9EME
326;AUBAGNE
327;MARSEILLE 8EME
328;CARNOUX-EN-PROVENCE
329;CASSIS
330;ROQUEVAIRE
331;LA CIOTAT
332;LA DESTROUSSE
333;AURIOL
334;LA PENNE SUR HUVEAUNE
335;LA BOUILLADISSE
336;SAINT SAVOURNIN
337;ROQUEFORT LA BEDOULE
338;PEYPIN
339;GREASQUE
340;GEMENOS
341;CUGES LES PINS
342;MARSEILLE 13EME
343;MARSEILLE 12EME
344;PLAN DE CUQUES
345;MARSEILLE 11EME
346;MARSEILLE 12EME
347;ALLAUCH
348;MIRAMAS
349;SALON-DE-PROVENCE
350;AIX EN PROVENCE
351;ROUSSET
352;ENSUES-LA-REDONNE
353;CHATEAUNEUF-LES-MARTIGUES
354;VITROLLES
355;MARIGNANE
356;GIGNAC-LA-NERTHE
357;EYRAGUES
358;SAINT-REMY-DE-PROVENCE
359;ARLES
360;GRAVESON
361;EYGUIERES
362;CHATEAURENARD
363;CAEN
364;MERVILLE FRANCEVILLE
365;GRANDCAMP-MAISY
366;LISIEUX
367;HONFLEUR
368;TROUVILLE-SUR-MER
369;DIVES-SUR-MER
370;VILLERS-SUR-MER
371;DEAUVILLE
372;HOULGATE
373;PONT-L EVEQUE
374;BLONVILLE-SUR-MER
375;TOURGEVILLE
376;TOUQUES
377;BENERVILLE-SUR-MER
378;DOZULE
379;EQUEMAUVILLE
380;SAINT-ARNOULT
381;RIVIERE-SAINT-SAUVEUR (LA)
382;ANGOULEME
383;RUELLE-SUR-TOUVRE
384;SOYAUX
385;BARBEZIEUX SAINT HILAIRE
386;L'ISLE D'ESPAGNAC
387;GOND PONTOUVRE
388;SAINT-MICHEL
389;SAINT-XANDRE
390;LA ROCHELLE
391;LAGORD
392;PERIGNY
393;CHATELAILLON-PLAGE
394;AYTRE
395;CLAVETTE
396;LOIX
397;SAINT-MARTIN-DE-RE
398;COURCON
399;LES PORTES-EN-RE
400;PUILBOREAU
401;DOMPIERRE-SUR-MER
402;MARANS
403;ARS-EN-RE
404;ANGOULINS
405;ROCHEFORT
406;TONNAY CHARENTE
407;FOURAS
408;SAINTES
409;SAUJON
410;SAINT-GEORGES-DE-DIDONNE
411;MESCHERS-SUR-GIRONDE
412;BARZAN
413;ST JEAN D'ANGELY
414;VIERZON
415;BOURGES
416;SAINT-FLORENT-SUR-CHER
417;MEHUN-SUR-YEVRE
418;MORTHOMIERS
419;ALLOUIS
420;SAINT-AMAND-MONTROND
421;AUBIGNY-SUR-NERE
422;TREIGNAC
423;TULLE
424;USSEL
425;BRIVE LA GAILLARDE
426;USSAC
427;SAINT-SORNIN-LAVOLPS
428;MALEMORT
429;SAINTE FEREOLE
430;DIJON
431;SAINT-BRIEUC
432;ERQUY
433;LAMBALLE-ARMOR
434;CHATELAUDREN-PLOUAGAT
435;LANGUEUX
436;PLOUFRAGAN
437;PLOUHA
438;PAIMPOL
439;PLENEUF-VAL-ANDRE
440;SAINT-QUAY-PORTRIEUX
441;PLERIN
442;BINIC-ETABLES-SUR-MER
443;HILLION
444;TREGUEUX
445;NOYAL
446;BEAUSSAIS-SUR-MER
447;DINAN
448;SAINT-CAST-LE-GUILDO
449;FREHEL
450;TADEN
451;LANCIEUX
452;PLANCOET
453;CAULNES
454;LANVALLAY
455;MATIGNON
456;BROONS
457;GUINGAMP
458;PLOUMAGOAR
459;PERROS-GUIREC
460;LANNION
461;TREGUIER
462;TREVOU-TREGUIGNEC
463;TREBEURDEN
464;PLESTIN-LES-GREVES
465;LOUDEAC
466;LA SOUTERRAINE
467;GUERET
468;PERIGUEUX
469;TRELISSAC
470;BOULAZAC ISLE MANOIRE
471;COULOUNIEIX-CHAMIERS
472;BERGERAC
473;PORT-SAINTE-FOY-ET-PONCHAPT
474;VAL DE LOUYRE ET CAUDEAU
475;LAMOTHE-MONTRAVEL
476;TERRASSON LAVILLEDIEU
477;SARLAT-LA-CANEDA
478;ROUFFIGNAC-ST-CERNIN-DE-REILHA
479;CASTELNAUD-LA-CHAPELLE
480;BESANCON
481;GENEUILLE
482;SAINT VIT
483;BOUSSIERES
484;MAMIROLLE
485;ROCHE LEZ BEAUPRE
486;MISEREY SALINES
487;BONNAY
488;DELUZ
489;LES AUXONS
490;BAUME LES DAMES
491;PONTARLIER
492;GRANGES NARBOZ
493;JOUGNE
494;VILLERS LE LAC
495;MORTEAU
496;LES HOPITAUX NEUFS
497;ROCHEJEAN
498;ORNANS
499;DOUBS
500;VALDAHON
501;LA CLUSE ET MIJOUX
502;METABIEF
503;ETALANS
504;MONTLEBON
505;MOUTHE
506;LES FOURGS
507;CHARQUEMONT
508;AUDINCOURT
509;SELONCOURT
510;HERIMONCOURT
511;MONTBELIARD
512;ROMANS-SUR-ISERE
513;VALENCE
514;MORAS-EN-VALLOIRE
515;MONTELIMAR
516;CREST
517;BOURG-DE-PEAGE
518;MONTBOUCHER-SUR-JABRON
519;BOURG LES VALENCE
520;CHABEUIL
521;DONZERE
522;SAINT-RAMBERT-D ALBON
523;DIEULEFIT
524;TULETTE
525;BEAUVALLON
526;MIRABEL-AUX-BARONNIES
527;LORIOL SUR DROME
528;PIERRELATTE
529;SAINT-PAUL-TROIS-CHATEAUX
530;MONTELIER
531;LIVRON SUR DROME
532;PORTES LES VALENCE
533;NYONS
534;SAUZET
535;SAINT-DONAT-SUR-L HERBASSE
536;ANCONE
537;SAINT-PANTALEON-LES-VIGNES
538;SAINT-AGNAN-EN-VERCORS
539;LA ROCHE DE GLUN
540;MOURS-SAINT-EUSEBE
541;SAINT VALLIER
542;PONT DE L ISERE
543;MERCUROL-VEAUNES
544;TAIN L HERMITAGE
545;BEAUMONT LES VALENCE
546;MONTSEGUR-SUR-LAUZON
547;PONSAS
548;GRAVIGNY
549;RUGLES
550;EZY SUR EURE
551;EVREUX
552;PACY-SUR-EURE
553;BUEIL
554;VERNON
555;ST MARCEL
556;CONCHES EN OUCHE
557;VERNEUIL D'AVRE ET D'ITON
558;GISORS
559;LES ANDELYS
560;LA TRINITE DE REVILLE
561;BEAUMONT LE ROGER
562;BERNAY
563;GAILLON
564;CHARTRES
565;GALLARDON
566;LE COUDRAY
567;EPERNON
568;MAINVILLIERS
569;TOURY
570;HANCHES
571;LEVES
572;GASVILLE OISEME
573;MAINTENON
574;LUCE
575;CHARTAINVILLIERS
576;ST PREST
577;GAS
578;AUNEAU-BLEURY-SAINT-SYMPHORIEN
579;LUISANT
580;JOUY
581;COURVILLE SUR EURE
582;CHATEAUDUN
583;ST DENIS-LANNERAY
584;DREUX
585;VERNOUILLET
586;LORMAYE
587;NOGENT-LE-ROI
588;ANET
589;CHAUDON
590;ST LUBIN DES JONCHERETS
591;CHATEAUNEUF EN THYMERAIS
592;ST REMY SUR AVRE
593;COULOMBS
594;NOGENT LE ROTROU
595;QUIMPER
596;DOUARNENEZ
597;QUIMPERLE
598;CONCARNEAU
599;PONT-AVEN
600;CLOHARS CARNOET
601;BREST
602;SAINT RENAN
603;DIRINON
604;LANDERNEAU
605;PLOUGASTEL-DAOULAS
606;CAMARET-SUR-MER
607;CROZON
608;SAINT-NIC
609;MORLAIX
610;LANDIVISIAU
611;CARANTEC
612;SAINT-MARTIN-DES-CHAMPS
613;PLOUGASNOU
614;ROSCOFF
615;PORTO-VECCHIO
616;AJACCIO
617;PROPRIANO
618;AJACCIO
619;SARTENE
620;ZONZA
621;BONIFACIO
622;GROSSETO-PRUGNA
623;LECCI
624;ARBELLARA
625;PIETROSELLA
626;GROSSETO-PRUGNA
627;VICO
628;CASAGLIONE
629;SARROLA-CARCOPINO
630;ARGIUSTA-MORICCIO
631;ALBITRECCIA
632;SERRA-DI-FERRO
633;CAURO
634;PALNECA
635;APPIETTO
636;CALCATOGGIO
637;PIANOTTOLI-CALDARELLO
638;OTA
639;BELVEDERE-CAMPOMORO
640;SOTTA
641;SARI-SOLENZARA
642;LECCI
643;OLMETO
644;COTI-CHIAVARI
645;CASALABRIVA
646;TAVERA
647;VICO
648;QUENZA
649;BASTELICACCIA
650;PIANA
651;COGGIA
652;FRASSETO
653;CUTTOLI-CORTICCHIATO
654;SANTA-MARIA-SICHE
655;COGGIA
656;ALBITRECCIA
657;VIGGIANELLO
658;AJACCIO
659;AREGNO
660;L'ILE ROUSSE
661;CERVIONE
662;OLETTA
663;LE GRAU DU ROI
664;AIGUES-MORTES
665;NIMES
666;NIMES
667;CALVISSON
668;DURFORT-ET-SAINT-MARTIN-DE-
669;VAUVERT
670;CAISSARGUES
671;MILHAUD
672;CLARENSAC
673;BOUILLARGUES
674;GARONS
675;SOMMIERES
676;SAINT ANDRE DE VALBORGNE
677;GALLARGUES-LE-MONTUEUX
678;BERNIS
679;AIGUES-VIVES
680;SAINT-DIONISY
681;GARRIGUES SAINTE EULALIE
682;SAUVE
683;LA CALMETTE
684;LASALLE
685;SAINT-LAURENT-D AIGOUZE
686;AUBORD
687;AIMARGUES
688;RODILHAN
689;SARDAN
690;CODOGNAN
691;ARRIGAS
692;QUISSAC
693;SAINT-GENIES-DE-MALGOIRES
694;CAVEIRAC
695;LE VIGAN
696;SUMENE
697;ST HIPPOLYTE DU FORT
698;UZES
699;GENERAC
700;LAUDUN-L ARDOISE
701;BELLEGARDE
702;BEAUCAIRE
703;VILLENEUVE LES AVIGNON
704;SAINT-NAZAIRE
705;MARGUERITTES
706;MEYNES
707;ROCHEFORT-DU-GARD
708;LES ANGLES
709;REMOULINS
710;POULX
711;PONT ST ESPRIT
712;ST GILLES
713;CASTILLON-DU-GARD
714;SAINT-HILAIRE-D OZILHAN
715;SAINT-PAULET-DE-CAISSON
716;SERNHAC
717;BAGNOLS SUR CEZE
718;SAZE
719;MONTAREN-ET-SAINT-MEDIERS
720;MONTFRIN
721;ROQUEMAURE
722;ALES
723;PORTES
724;MOLIERES-SUR-CEZE
725;BESSEGES
726;SAINT-FLORENT-SUR-AUZONNET
727;LA GRAND COMBE
728;ANDUZE
729;TOULOUSE
730;TOULOUSE
731;TOULOUSE
732;TOULOUSE
733;CASTELGINEST
734;FONBEAUZARD
735;BALMA
736;DREMIL LAFAGE
737;L UNION
738;AUCAMVILLE
739;FENOUILLET
740;ROUFFIAC TOLOSAN
741;GAGNAC SUR GARONNE
742;RAMONVILLE ST AGNE
743;ST JEAN
744;LAUNAGUET
745;FLOURENS
746;TOULOUSE
747;TOURNEFEUILLE
748;COLOMIERS
749;TOULOUSE
750;BLAGNAC
751;VILLEMUR SUR TARN
752;AUSSONNE
753;CUGNAUX
754;GRENADE SUR GARONNE
755;LA SALVETAT ST GILLES
756;MONDONVILLE
757;FRONTON
758;BEAUZELLE
759;BESSIERES
760;CASTANET TOLOSAN
761;VILLEFRANCHE-DE-LAURAGAIS
762;NAILLOUX
763;LABEGE
764;REVEL
765;ST ORENS DE GAMEVILLE
766;LANTA
767;LACROIX FALGARDE
768;AUZEVILLE-TOLOSANE
769;ESCALQUENS
770;MONTASTRUC LA CONSEILLERE
771;POMPERTUZAT
772;BAZIEGE
773;FROUZINS
774;AUCH
775;CONDOM
776;CAZAUBON
777;GIMONT
778;L ISLE JOURDAIN
779;BORDEAUX
780;SAINT AUBIN DE MEDOC
781;PAREMPUYRE
782;SAINT MEDARD EN JALLES
783;BORDEAUX
784;BORDEAUX
785;BRUGES
786;LACANAU
787;LE BOUSCAT
788;LE HAILLAN
789;EYSINES
790;LUDON MEDOC
791;MOULIS-EN-MEDOC
792;LE TAILLAN MEDOC
793;CASTELNAU-DE-MEDOC
794;BLANQUEFORT
795;MARGAUX CANTENAC
796;BORDEAUX
797;BEGLES
798;MERIGNAC
799;GRADIGNAN
800;TALENCE
801;PESSAC
802;VILLENAVE D ORNON
803;SAINT JEAN D ILLAC
804;MARTIGNAS SUR JALLE
805;CANEJAN
806;CESTAS
807;CADILLAC
808;BIGANOS
809;ARCACHON
810;CARBON BLANC
811;CADAUJAC
812;LA TESTE-DE-BUCH
813;GUJAN MESTRAS
814;CENON
815;FLOIRAC
816;TOULENNE
817;ANDERNOS-LES-BAINS
818;BORDEAUX
819;LORMONT
820;ARTIGUES-PRES-BORDEAUX
821;PAILLET
822;LEGE-CAP-FERRET
823;LE TEICH
824;ST SULPICE ET CAMEYRAC
825;CREON
826;SALLES
827;TRESSES
828;SAINT GERVAIS
829;ARES
830;FARGUES SAINT HILAIRE
831;LANGON
832;LEOGNAN
833;LEGE-CAP-FERRET
834;PREIGNAC
835;ST LOUIS DE MONTFERRAND
836;LATRESNE
837;AUDENGE
838;HAUX
839;AMBARES-ET-LAGRAVE
840;ST CAPRAIS DE BORDEAUX
841;LANTON
842;BARSAC
843;LE BARP
844;BASSENS
845;LANGOIRAN
846;YVRAC
847;MONTUSSAN
848;BAZAS
849;SAINT-ANDRE-DE-CUBZAC
850;CARIGNAN-DE-BORDEAUX
851;MIOS
852;LE TOURNE
853;MARCHEPRIME
854;LA TESTE-DE-BUCH
855;CASTRES GIRONDE
856;LESTIAC-SUR-GARONNE
857;LA BREDE
858;SAINT LOUBES
859;SAINTE EULALIE
860;GRIGNOLS
861;GENISSAC
862;LIBOURNE
863;CASTILLON-LA-BATAILLE
864;BLAYE
865;PINEUILH
866;SAINT-YZAN-DE-SOUDIAC
867;SAINT-QUENTIN-DE-BARON
868;SAINT-SAVIN
869;COUTRAS
870;ST-SEURIN-SUR-L ISLE
871;SAINTE-FOY-LA-GRANDE
872;SAINT-CIERS-SUR-GIRONDE
873;VAYRES
874;LA REOLE
875;SAINT-MACAIRE
876;SAUVETERRE-DE-GUYENNE
877;CARCANS
878;SOULAC-SUR-MER
879;HOURTIN
880;SAINT LAURENT MEDOC
881;LE VERDON SUR MER
882;LESPARRE-MEDOC
883;VERTHEUIL
884;SAINT-VIVIEN-DE-MEDOC
885;MONTPELLIER
886;MONTPELLIER
887;MONTPELLIER
888;MONTPELLIER
889;PALAVAS-LES-FLOTS
890;MAUGUIO
891;JUVIGNAC
892;PEROLS
893;LE CRES
894;LA GRANDE MOTTE
895;CASTELNAU LE LEZ
896;LATTES
897;SAINT-AUNES
898;SAINT-JEAN-DE-VEDAS
899;GRABELS
900;FRONTIGNAN
901;SETE
902;VIC-LA-GARDIOLE
903;BOUZIGUES
904;BALARUC LES BAINS
905;VENDARGUES
906;GANGES
907;LUNEL
908;CLERMONT L HERAULT
909;SAINT-GELY-DU-FESC
910;MEZE
911;SUSSARGUES
912;MARSILLARGUES
913;GIGEAN
914;JACOU
915;MAS-DE-LONDRES
916;SAINT CLEMENT DE RIVIERE
917;CASTRIES
918;BAILLARGUES
919;POUSSAN
920;LAROQUE
921;MONTBAZIN
922;PRADES-LE-LEZ
923;BEAULIEU
924;BALARUC LE VIEUX
925;SAINT-SERIES
926;VILLENEUVE-LES-MAGUELONE
927;SAINT-BRES
928;PLAISSAN
929;LODEVE
930;SAINT-FELIX-DE-LODEZ
931;LOUPIAN
932;CAZILHAC
933;SAINT PAUL ET VALMALLE
934;SAINT-ANDRE-DE-SANGONIS
935;POUZOLS
936;ASSAS
937;ENTRE-VIGNES
938;NEBIAN
939;SAINT-DREZERY
940;GIGNAC
941;MONTPEYROUX
942;MONTARNAUD
943;VALRAS-PLAGE
944;CESSERAS
945;BEZIERS
946;SERIGNAN
947;AGDE
948;PEZENAS
949;MARSEILLAN
950;BEDARIEUX
951;VENDRES
952;VIAS
953;PUISSERGUIER
954;CAUX
955;MONTADY
956;LAMALOU-LES-BAINS
957;BOUJAN-SUR-LIBRON
958;PORTIRAGNES
959;POMEROLS
960;PACE
961;BOURGBARRE
962;RENNES
963;BETTON
964;CESSON-SEVIGNE
965;RENNES
966;NOYAL-CHATILLON-SUR-SEICHE
967;RENNES
968;CHANTEPIE
969;VEZIN-LE-COQUET
970;BRUZ
971;CHARTRES-DE-BRETAGNE
972;ST JACQUES DE LA LANDE
973;SAINT-GREGOIRE
974;VERN-SUR-SEICHE
975;LA CHAPELLE DES FOUGERETZ
976;PONT-PEAN
977;ACIGNE
978;PARTHENAY-DE-BRETAGNE
979;ORGERES
980;MELESSE
981;CHAVAGNE
982;IRODOUER
983;SAINT-AUBIN-D AUBIGNE
984;BREAL-SOUS-MONTFORT
985;MORDELLES
986;MONTAUBAN-DE-BRETAGNE
987;LIFFRE
988;CHATEAUGIRON
989;LE RHEU
990;BRETEIL
991;NOUVOITOU
992;BEDEE
993;JANZE
994;THORIGNE-FOUILLARD
995;SAINT-MEEN-LE-GRAND
996;MONTFORT-SUR-MEU
997;L'HERMITAGE
998;HEDE-BAZOUGES
999;LA MEZIERE
1000;SAINT-ARMEL
1001;SENS-DE-BRETAGNE
1002;MONTREUIL-SUR-ILLE
1003;GOVEN
1004;REDON
1005;BAIN-DE-BRETAGNE
1006;LA CHAPELLE BOUEXIC
1007;GUICHEN
1008;POLIGNE
1009;BOURG-DES-COMPTES
1010;SAINT-MALO
1011;DINARD
1012;PLEUGUENEUC
1013;SAINT-LUNAIRE
1014;CANCALE
1015;PLEURTUIT
1016;DOL DE BRETAGNE
1017;SAINT-BRIAC-SUR-MER
1018;MINIAC-MORVAN
1019;LA GOUESNIERE
1020;LA RICHARDAIS
1021;SAINT-DOMINEUC
1022;LE TRONCHET
1023;ROZ-SUR-COUESNON
1024;SAINT-MELOIR-DES-ONDES
1025;SAINT-JOUAN-DES-GUERETS
1026;DOMAGNE
1027;LA GUERCHE-DE-BRETAGNE
1028;VITRE
1029;CHATEAUBOURG
1030;RETIERS
1031;VAL-D'IZE
1032;CHATEAUROUX
1033;LA CHATRE
1034;JOUE LES TOURS
1035;TOURS
1036;LA RICHE
1037;TOURS
1038;MONTLOUIS-SUR-LOIRE
1039;SAINT-PIERRE-DES-CORPS
1040;TOURS
1041;SAINT AVERTIN
1042;FONDETTES
1043;SAINT CYR SUR LOIRE
1044;NOTRE-DAME-D OE
1045;ROCHECORBON
1046;LA MEMBROLLE-SUR-CHOISILLE
1047;BALLAN MIRE
1048;CHAMBRAY LES TOURS
1049;AMBOISE
1050;RICHELIEU
1051;BOURGUEIL
1052;LOCHES
1053;DESCARTES
1054;GRENOBLE
1055;GRENOBLE
1056;SAINT-MARTIN-D'HERES
1057;GIERES
1058;LA TRONCHE
1059;MEYLAN
1060;MONTBONNOT-SAINT-MARTIN
1061;ECHIROLLES
1062;SAINT-NAZAIRE-LES-EYMES
1063;BIVIERS
1064;SAINT-ISMIER
1065;EYBENS
1066;POISAT
1067;CORENC
1068;LA TERRASSE
1069;VOIRON
1070;DOMENE
1071;FROGES
1072;PONTCHARRA
1073;VIZILLE
1074;SAINT-EGREVE
1075;FONTANIL-CORNILLON
1076;CRETS EN BELLEDONNE
1077;SAINT-MARTIN-LE-VINOUX
1078;TENCIN
1079;ALLEVARD
1080;VILLARD-BONNOT
1081;LE HAUT-BREDA
1082;SAINT-MARTIN-D'URIAGE
1083;VOREPPE
1084;CHAMROUSSE
1085;LA BUISSE
1086;NOTRE-DAME-DE-MESAGE
1087;SAINT-PIERRE-DE-CHARTREUSE
1088;BRIE-ET-ANGONNES
1089;GONCELIN
1090;VAULNAVEYS-LE-BAS
1091;LES ADRETS
1092;LE VERSOUD
1093;LE CHEYLAS
1094;SAINT-ETIENNE-DE-CROSSEY
1095;CROLLES
1096;GRESSE-EN-VERCORS
1097;HUEZ
1098;LES DEUX ALPES
1099;SASSENAGE
1100;AUTRANS-MEAUDRE EN VERCORS
1101;SEYSSINET-PARISET
1102;VILLARD-DE-LANS
1103;FONTAINE
1104;VAUJANY
1105;CORRENCON-EN-VERCORS
1106;AUTRANS-MEAUDRE EN VERCORS
1107;LE PONT-DE-CLAIX
1108;CLAIX
1109;CORPS
1110;LE BOURG-D'OISANS
1111;BESSE
1112;AURIS
1113;LANS-EN-VERCORS
1114;LE GUA
1115;SAINT-CLAIR-DE-LA-TOUR
1116;BOURGOIN-JALLIEU
1117;VILLEFONTAINE
1118;SAINT-JUST-CHALEYSSIN
1119;L'ISLE-D'ABEAU
1120;LA VERPILLIERE
1121;ANTHON
1122;PONT-DE-CHERUY
1123;RIVES
1124;SAINT-ETIENNE-DE-SAINT-GEOIRS
1125;SAINT-MARCELLIN
1126;SAINT-JEAN-DE-MOIRANS
1127;TULLINS
1128;VINAY
1129;MOIRANS
1130;BEAUCROISSANT
1131;SAINT-GEOIRS
1132;ROYBON
1133;IZEAUX
1134;LES ROUSSES
1135;SAINT-CLAUDE
1136;DOLE
1137;CHAMPAGNOLE
1138;ARBOIS
1139;TAVAUX
1140;HAUTS DE BIENNE
1141;SAMPANS
1142;LONS LE SAUNIER
1143;SEPTMONCEL LES MOLUNES
1144;BOIS-D AMONT
1145;PREMANON
1146;POLIGNY
1147;PERRIGNY
1148;MONTMOROT
1149;OFFLANGES
1150;LAVANS-LES-SAINT-CLAUDE
1151;SALINS LES BAINS
1152;MOIRANS-EN-MONTAGNE
1153;CLAIRVAUX-LES-LACS
1154;BELLEFONTAINE
1155;RAVILLOLES
1156;ST-JULIEN-EN-BORN
1157;DAX
1158;ST-VINCENT-DE-TYROSSE
1159;TOSSE
1160;SAINT-PIERRE-DU-MONT
1161;MOLIETS-ET-MAA
1162;PEYREHORADE
1163;SEIGNOSSE
1164;MONT-DE-MARSAN
1165;TARNOS
1166;SOORTS-HOSSEGOR
1167;ST-GEOURS-MAREMNE
1168;SANGUINET
1169;VIELLE-ST-GIRONS
1170;VIEUX BOUCAU-LES-BAINS
1171;LIT ET MIXE
1172;BISCARROSSE
1173;ST-PAUL-LES-DAX
1174;CAPBRETON
1175;LABENNE
1176;SOUSTONS
1177;ONDRES
1178;MONTGAILLARD
1179;AIRE-SUR-L'ADOUR
1180;ST-MARTIN-DE-SEIGNANX
1181;ANGRESSE
1182;MIMIZAN
1183;HAGETMAU
1184;ORIST
1185;LEON
1186;ST-MARTIN-DE-HINX
1187;BIAS
1188;POYANNE
1189;ST-VINCENT-DE-PAUL
1190;RION-DES-LANDES
1191;TARTAS
1192;AUREILHAN
1193;SAINT-SEVER
1194;PARENTIS EN BORN
1195;BENESSE-MAREMNE
1196;VENDOME
1197;BLOIS
1198;MONTRICHARD VAL DE CHER
1199;MAROLLES
1200;ROMORANTIN-LANTHENAY
1201;VINEUIL
1202;LA CHAUSSEE SAINT VICTOR
1203;VILLEBAROU
1204;SAINT-ETIENNE
1205;SAINT-ETIENNE
1206;SAINT-JEAN-BONNEFONDS
1207;LA TALAUDIERE
1208;SAINT GENEST LERPT
1209;GENILAC
1210;FIRMINY
1211;SAINT-PAUL-EN-JAREZ
1212;SAINT-CHAMOND
1213;LA RICAMARIE
1214;ROCHE-LA-MOLIERE
1215;LA GRAND-CROIX
1216;SAINT-JOSEPH
1217;SAINT-PRIEST-EN-JAREZ
1218;PELUSSIN
1219;LA FOUILLOUSE
1220;L ETRAT
1221;VILLARS
1222;LORETTE
1223;LE CHAMBON-FEUGEROLLES
1224;FRAISSES
1225;SORBIERS
1226;CHAVANAY
1227;RIVE-DE-GIER
1228;FARNAY
1229;SAINT-PAUL-EN-CORNILLON
1230;UNIEUX
1231;L HORME
1232;SAVIGNEUX
1233;SAINT-MARCELLIN-EN-FOREZ
1234;ANDREZIEUX-BOUTHEON
1235;CHAZELLES SUR LYON
1236;BOEN-SUR-LIGNON
1237;MONTBRISON
1238;VEAUCHE
1239;MONTROND-LES-BAINS
1240;SAINT-JUST-SAINT-RAMBERT
1241;SAINT-GALMIER
1242;FEURS
1243;SAINT-ROMAIN-LE-PUY
1244;SAINT-BONNET-LE-CHATEAU
1245;SOLEYMIEUX
1246;CHALMAZEL-JEANSAGNIERE
1247;PRECIEUX
1248;ROANNE
1249;CHARLIEU
1250;VILLEREST
1251;SAINT-JUST-EN-CHEVALET
1252;RIORGES
1253;NEULISE
1254;LE COTEAU
1255;MABLY
1256;BALBIGNY
1257;PERREUX
1258;BRIENNON
1259;SAINT-HAON-LE-CHATEL
1260;LE PUY EN VELAY
1261;SAINTE-SIGOLENE
1262;SEAUVE-SUR-SEMENE (LA)
1263;SAINT-PAL-DE-MONS
1264;LE CHAMBON SUR LIGNON
1265;LANGEAC
1266;ESPALY-SAINT-MARCEL
1267;SAINT-DIDIER-EN-VELAY
1268;BRIVES-CHARENSAC
1269;AUREC-SUR-LOIRE
1270;ARAULES
1271;VIEILLE-BRIOUDE
1272;PONT-SALOMON
1273;BRIOUDE
1274;YSSINGEAUX
1275;BEAUZAC
1276;SAINT JUST MALMONT
1277;NANTES
1278;ST SEBASTIEN SUR LOIRE
1279;NANTES
1280;NANTES
1281;NANTES
1282;ST-HERBLAIN
1283;INDRE
1284;THOUARE-SUR-LOIRE
1285;CHAPELLE-SUR-ERDRE (LA)
1286;REZE
1287;BOUGUENAIS
1288;SUCE-SUR-ERDRE
1289;ST-PHILBERT-DE-GRAND-LIEU
1290;BASSE-GOULAINE
1291;TREILLIERES
1292;LIGNE
1293;SORINIERES (LES)
1294;AIGREFEUILLE SUR MAINE
1295;CARQUEFOU
1296;MACHECOUL-SAINT-MEME
1297;SAINTE-LUCE-SUR-LOIRE
1298;MOUZEIL
1299;HAIE-FOUASSIERE (LA)
1300;ORVAULT
1301;VERTOU
1302;ANCENIS-SAINT-GEREON
1303;MAISDON-SUR-SEVRE
1304;CLISSON
1305;SAINT-JULIEN-DE-CONCELLES
1306;BOUAYE
1307;PONT-SAINT-MARTIN
1308;GRANDCHAMP-DES-FONTAINES
1309;LOROUX-BOTTEREAU (LE)
1310;RIAILLE
1311;LOIREAUXENCE
1312;SAUTRON
1313;CHAPELLE-HEULIN (LA)
1314;LA BERNERIE EN RETZ
1315;SAINT BREVIN LES PINS
1316;PORNIC
1317;SAINT-MICHEL-CHEF-CHEF
1318;LA PLAINE-SUR-MER
1319;SAINTE PAZANNE
1320;SAINT-PERE-EN-RETZ
1321;LA MONTAGNE
1322;PELLERIN (LE)
1323;PAIMBOEUF
1324;PREFAILLES
1325;PORNICHET
1326;SAINT-NAZAIRE
1327;COUERON
1328;BESNE
1329;BLAIN
1330;TRIGNAC
1331;MISSILLAC
1332;MONTOIR-DE-BRETAGNE
1333;SAINT-ETIENNE-DE-MONTLUC
1334;SAVENAY
1335;GUEMENE PENFAO
1336;SAINT-MALO-DE-GUERSAC
1337;SAINTE-REINE-DE-BRETAGNE
1338;LE TEMPLE DE BRETAGNE
1339;SAINT-NICOLAS-DE-REDON
1340;DONGES
1341;CAMPBON
1342;VIGNEUX DE BRETAGNE
1343;LE POULIGUEN
1344;GUERANDE
1345;LA TURBALLE
1346;BATZ-SUR-MER
1347;LA BAULE-ESCOUBLAC
1348;MESQUER
1349;LE CROISIC
1350;SAINT-ANDRE-DES-EAUX
1351;PIRIAC-SUR-MER
1352;SAINT MOLF
1353;NORT SUR ERDRE
1354;CHATEAUBRIANT
1355;ST JEAN DE BRAYE
1356;ORLEANS
1357;OLIVET
1358;LA CHAPELLE ST MESMIN
1359;ST JEAN DE LA RUELLE
1360;SAINT-JEAN-LE-BLANC
1361;ORLEANS
1362;CHANTEAU
1363;SAINT-HILAIRE-SAINT-MESMIN
1364;FLEURY LES AUBRAIS
1365;INGRE
1366;SEMOY
1367;SAINT-PRYVE-SAINT-MESMIN
1368;SARAN
1369;SAINT-DENIS-EN-VAL
1370;CHECY
1371;BOULAY-LES-BARRES
1372;BEAUGENCY
1373;ARDON
1374;LA FERTE SAINT-AUBIN
1375;NEUVILLE-AUX-BOIS
1376;LAILLY EN VAL
1377;CHATEAUNEUF S LOIRE
1378;JARGEAU
1379;SANDILLON
1380;MEUNG-SUR-LOIRE
1381;PATAY
1382;MONTARGIS
1383;CHALETTE-SUR-LOING
1384;SAINT-HILAIRE-LES-ANDRESIS
1385;AMILLY
1386;CEPOY
1387;PUISEAUX
1388;LE MALESHERBOIS
1389;PITHIVIERS
1390;BEAUNE-LA-ROLANDE
1391;GIEN
1392;SULLY-SUR-LOIRE
1393;BRIARE
1394;CAHORS
1395;LE PASSAGE
1396;AGEN
1397;LAYRAC
1398;LAFOX
1399;CASTELJALOUX
1400;BOE
1401;COLAYRAC ST CIRQ
1402;NERAC
1403;AIGUILLON
1404;MARMANDE
1405;TONNEINS
1406;VILLENEUVE SUR LOT
1407;VILLEREAL
1408;FUMEL
1409;MONFLANQUIN
1410;CASTELNAUD DE GRATECAMBE
1411;MENDE
1412;LANGOGNE
1413;MEYRUEIS
1414;MARVEJOLS
1415;MONT LOZERE ET GOULET
1416;VILLEFORT
1417;PEYRE EN AUBRAC
1418;ANGERS
1419;ANGERS
1420;LES PONTS DE CE
1421;TIERCE
1422;SAINT-BARTHELEMY-D ANJOU
1423;MURS-ERIGNE
1424;TRELAZE
1425;STE GEMMES SUR LOIRE
1426;CHEFFES
1427;VERRIERES-EN-ANJOU
1428;VERRIERES-EN-ANJOU
1429;RIVES-DU-LOIR-EN-ANJOU
1430;BRISSAC LOIRE AUBANCE
1431;AVRILLE
1432;SAINT-GEORGES-SUR-LOIRE
1433;BOUCHEMAINE
1434;MONTREUIL-JUIGNE
1435;CHOLET
1436;CHEMILLE-EN-ANJOU
1437;TREMENTINES
1438;BEAUPREAU-EN-MAUGES
1439;BEAUPREAU-EN-MAUGES
1440;LA TESSOUALLE
1441;SAUMUR
1442;FONTEVRAUD L ABBAYE
1443;MAZE-MILON
1444;SEGRE-EN-ANJOU BLEU
1445;AGNEAUX
1446;SAINT-LO
1447;MOON-SUR-ELLE
1448;CARENTAN LES MARAIS
1449;GRANVILLE
1450;AVRANCHES
1451;GRANDPARIGNY
1452;DONVILLE-LES-BAINS
1453;SAINT-HILAIRE-DU-HARCOUET
1454;BRECEY
1455;JULLOUVILLE
1456;PONTORSON
1457;CHERBOURG-EN-COTENTIN
1458;CHERBOURG-EN-COTENTIN
1459;CHERBOURG-EN-COTENTIN
1460;CHERBOURG-EN-COTENTIN
1461;CHERBOURG-EN-COTENTIN
1462;COUTANCES
1463;SAINT-GERMAIN-SUR-AY
1464;GAVRAY-SUR-SIENNE
1465;GOUVILLE-SUR-MER
1466;AGON-COUTAINVILLE
1467;PIROU
1468;PERIERS
1469;LESSAY
1470;LA HAYE
1471;BARNEVILLE-CARTERET
1472;SAINT-VAAST-LA-HOUGUE
1473;BAUBIGNY
1474;VALOGNES
1475;PORT-BAIL-SUR-MER
1476;CHALONS EN CHAMPAGNE
1477;SAINT-MEMMIE
1478;SAINTE MENEHOULD
1479;BLACY
1480;VITRY LE FRANCOIS
1481;FRIGNICOURT
1482;EPERNAY
1483;DORMANS
1484;VINAY
1485;CRAMANT
1486;AVIZE
1487;MAREUIL-LE-PORT
1488;REIMS
1489;TINQUEUX
1490;DIZY
1491;AY-CHAMPAGNE
1492;CORMONTREUIL
1493;SAINT BRICE COURCELLES
1494;CHIGNY-LES-ROSES
1495;SILLERY
1496;BETHENY
1497;BEZANNES
1498;FISMES
1499;WITRY-LES-REIMS
1500;MAGENTA
1501;AVENAY-VAL-D'OR
1502;NOGENT
1503;CHAUMONT
1504;LANGRES
1505;CHATEAU-GONTIER-SUR-MAYENNE
1506;CONGRIER
1507;LAVAL
1508;CHANGE
1509;ST FRAIMBAULT DE PRIERES
1510;MAYENNE
1511;ESSEY LES NANCY
1512;NANCY
1513;VANDOEUVRE LES NANCY
1514;PONT A MOUSSON
1515;SAINT MAX
1516;JARVILLE LA MALGRANGE
1517;MALZEVILLE
1518;VILLERS LES NANCY
1519;CHAMPIGNEULLES
1520;MEREVILLE
1521;PULNOY
1522;MAXEVILLE
1523;LAXOU
1524;FROUARD
1525;BOUXIERES-AUX-DAMES
1526;LANEUVEVILLE-DEVANT-NANCY
1527;CUSTINES
1528;TOMBLAINE
1529;RICHARDMENIL
1530;HEILLECOURT
1531;PONT-SAINT-VINCENT
1532;HAROUE
1533;VARANGEVILLE
1534;SAINT-NICOLAS-DE-PORT
1535;VAL DE BRIEY
1536;LONGWY
1537;TRIEUX
1538;GORCY
1539;HAUCOURT-MOULAINE
1540;JOEUF
1541;JARNY
1542;SAULNES
1543;HOMECOURT
1544;TUCQUEGNIEUX
1545;MONT SAINT MARTIN
1546;REHON
1547;AUBOUE
1548;LONGLAVILLE
1549;THIL
1550;LONGUYON
1551;HERSERANGE
1552;HUSSIGNY GODBRANGE
1553;VILLERUPT
1554;COSNES-ET-ROMAIN
1555;CONS-LA-GRANDVILLE
1556;HATRIZE
1557;VALLEROY
1558;LUNEVILLE
1559;VATHIMENIL
1560;DAMELEVIERES
1561;MONT-SUR-MEURTHE
1562;BLAINVILLE-SUR-L EAU
1563;FOUG
1564;PIERRE-LA-TREICHE
1565;ECROUVES
1566;TOUL
1567;DOMMARTIN-LES-TOUL
1568;VILLEY-SAINT-ETIENNE
1569;DOMGERMAIN
1570;THIAUCOURT-REGNIEVILLE
1571;BELLEVILLE SUR MEUSE
1572;VERDUN
1573;ARZON
1574;SAINT-AVE
1575;VANNES
1576;ARRADON
1577;PLOEREN
1578;PLOUHINEC
1579;GUIDEL
1580;GAVRES
1581;LARMOR-PLAGE
1582;LORIENT
1583;LOCMIQUELIC
1584;INZINZAC-LOCHRIST
1585;PORT-LOUIS
1586;GESTEL
1587;HENNEBONT
1588;PLOEMEUR
1589;LANESTER
1590;RIANTEC
1591;CLEGUER
1592;KERVIGNAC
1593;LANGUIDIC
1594;BRECH
1595;PLOEMEL
1596;AURAY
1597;CARNAC
1598;LOCMARIA
1599;LE PALAIS
1600;SAINT-PIERRE-QUIBERON
1601;QUIBERON
1602;BELZ
1603;LA TRINITE SUR MER
1604;ERDEVEN
1605;LE BONO
1606;ETEL
1607;SAUZON
1608;SAINTE-ANNE-D'AURAY
1609;SAINT-PHILIBERT
1610;PLUVIGNER
1611;PLUNERET
1612;PLOUHARNEL
1613;MALESTROIT
1614;PLOERMEL
1615;PONTIVY
1616;LIGNOL
1617;BAUD
1618;NEVERS
1619;FOURCHAMBAULT
1620;VARENNES-VAUZELLES
1621;IMPHY
1622;COULANGES LES NEVERS
1623;DECIZE
1624;SAINT ELOI
1625;LILLE
1626;LA MADELEINE
1627;LILLE
1628;MONS EN BAROEUL
1629;LAMBERSART
1630;FACHES THUMESNIL
1631;LILLE
1632;LILLE
1633;SAINT-ANDRE
1634;WAMBRECHIES
1635;RONCHIN
1636;MARQUETTE-LEZ-LILLE
1637;VILLENEUVE-D'ASCQ
1638;FOURNES-EN-WEPPES
1639;CROIX
1640;LYS LEZ LANNOY
1641;VILLENEUVE-D'ASCQ
1642;ROUBAIX
1643;WATTRELOS
1644;LILLE
1645;WAVRIN
1646;PHALEMPIN
1647;LESQUIN
1648;LANNOY
1649;ENNETIERES-EN-WEPPES
1650;LOOS
1651;SEQUEDIN
1652;ALLENNES-LES-MARAIS
1653;WATTIGNIES
1654;WASQUEHAL
1655;AVELIN
1656;WILLEMS
1657;HAUBOURDIN
1658;VILLENEUVE-D'ASCQ
1659;SECLIN
1660;PONT-A-MARCQ
1661;TEMPLEUVE EN PEVELE
1662;CYSOING
1663;HALLENNES-LEZ-HAUBOURDIN
1664;HEM
1665;BERSEE
1666;MOUVAUX
1667;MARCQ EN BAROEUL
1668;RONCQ
1669;TOURCOING
1670;ARMENTIERES
1671;PERENCHIES
1672;HALLUIN
1673;DEULEMONT
1674;NEUVILLE EN FERRAIN
1675;BONDUES
1676;LINSELLES
1677;QUESNOY SUR DEULE
1678;GRANDE-SYNTHE
1679;BAILLEUL
1680;HAZEBROUCK
1681;DOUAI
1682;LAMBRES LEZ DOUAI
1683;SIN LE NOBLE
1684;SOMAIN
1685;FAUMONT
1686;PECQUENCOURT
1687;MAUBEUGE
1688;CAUDRY
1689;CAMBRAI
1690;RAISMES
1691;VALENCIENNES
1692;MARLY
1693;SAINT-AMAND-LES-EAUX
1694;ANZIN
1695;HASNON
1696;TRITH-ST-LEGER
1697;DENAIN
1698;BEAUVAIS
1699;MERU
1700;TRIE CHATEAU
1701;BORNEL
1702;NOAILLES
1703;VALDAMPIERRE
1704;CHAUMONT-EN-VEXIN
1705;LABOISSIERE EN THELLE
1706;ANDEVILLE
1707;GOINCOURT
1708;STE GENEVIEVE
1709;LOCONVILLE
1710;RANTIGNY
1711;CLERMONT
1712;LIANCOURT
1713;FITZ JAMES
1714;LAIGNEVILLE
1715;MOUY
1716;CREVECOEUR LE GRAND
1717;LA RUE ST PIERRE
1718;COMPIEGNE
1719;MARGNY LES COMPIEGNE
1720;CLAIROIX
1721;NOYON
1722;RIBECOURT DRESLINCOURT
1723;LACROIX ST OUEN
1724;VENETTE
1725;LACHELLE
1726;ATTICHY
1727;JAUX
1728;THOUROTTE
1729;LE MEUX
1730;CAMBRONNE LES RIBECOURT
1731;ST VAAST LES MELLO
1732;PONT STE MAXENCE
1733;NOGENT SUR OISE
1734;CIRES LES MELLO
1735;SAINTINES
1736;DIEUDONNE
1737;PRECY SUR OISE
1738;SENLIS
1739;CHANTILLY
1740;GOUVIEUX
1741;CREIL
1742;NANTEUIL LE HAUDOUIN
1743;VILLERS ST PAUL
1744;LA CHAPELLE EN SERVAL
1745;FLEURINES
1746;VERNEUIL EN HALATTE
1747;MONTATAIRE
1748;CREPY EN VALOIS
1749;ORRY LA VILLE
1750;ST MAXIMIN
1751;AVILLY ST LEONARD
1752;LAMORLAYE
1753;ST LEU D ESSERENT
1754;BETHISY ST MARTIN
1755;VERBERIE
1756;THIVERNY
1757;CHAMBLY
1758;LEVIGNEN
1759;BORAN SUR OISE
1760;BETHISY ST PIERRE
1761;COYE LA FORET
1762;VINEUIL ST FIRMIN
1763;LE PLESSIS BELLEVILLE
1764;MORTEFONTAINE
1765;CRAMOISY
1766;GOUVIEUX
1767;PEROY LES GOMBRIES
1768;NEUILLY EN THELLE
1769;VER SUR LAUNETTE
1770;GOUVIEUX
1771;LE MESNIL EN THELLE
1772;PLAILLY
1773;ALENCON
1774;FLERS
1775;BAGNOLES DE L'ORNE NORMANDIE
1776;ARRAS
1777;ACHICOURT
1778;SAINT-NICOLAS
1779;ELEU-DIT-LEAUWETTE
1780;ANZIN-SAINT-AUBIN
1781;BEAURAINS
1782;AVION
1783;SAINTE-CATHERINE
1784;NEUVILLE-ST-VAAST
1785;SAVY-BERLETTE
1786;BIACHE-SAINT-VAAST
1787;BETHUNE
1788;DIVION
1789;HESDIGNEUL-LES-BETHUNE
1790;BEUVRY
1791;ISBERGUES
1792;AIX NOULETTE
1793;HARNES
1794;CARVIN
1795;MONTIGNY EN GOHELLE
1796;WINGLES
1797;LENS
1798;LOOS EN GOHELLE
1799;HENIN-BEAUMONT
1800;WIMEREUX
1801;NEUFCHATEL-HARDELOT
1802;ST MARTIN BOULOGNE
1803;CALAIS
1804;WISSANT
1805;BOULOGNE SUR MER
1806;MARQUISE
1807;BERCK
1808;LE TOUQUET PARIS PLAGE
1809;CUCQ
1810;MERLIMONT
1811;AIRE-SUR-LA-LYS
1812;BLENDECQUES
1813;SAINT OMER
1814;LONGUENESSE
1815;ARQUES
1816;RIOM
1817;CHATELGUYON
1818;PONTGIBAUD
1819;THIERS
1820;ISSOIRE
1821;SAINT-NECTAIRE
1822;BESSE-ET-SAINT-ANASTAISE
1823;MONTPEYROUX
1824;CHASTREIX
1825;PAU
1826;BILLERE
1827;LONS
1828;BIZANOS
1829;SERRES CASTET
1830;MIOSSENS LANUSSE
1831;JURANCON
1832;IDRON
1833;NAVARRENX
1834;MOURENX
1835;GELOS
1836;SAUVAGNON
1837;MAZEROLLES
1838;ORTHEZ
1839;LESCAR
1840;RONTIGNON
1841;MORLAAS
1842;DENGUIN
1843;LESTELLE BETHARRAM
1844;OLORON SAINTE MARIE
1845;REBENACQ
1846;EAUX BONNES
1847;MOUMOUR
1848;LARUNS
1849;NAY
1850;SEVIGNACQ MEYRACQ
1851;ARETTE
1852;BAYONNE
1853;BIARRITZ
1854;ANGLET
1855;USTARITZ
1856;SAINT-JEAN-DE-LUZ
1857;MAULEON LICHARRE
1858;HENDAYE
1859;LAHONCE
1860;BASSUSSARRY
1861;CIBOURE
1862;HASPARREN
1863;UHART-CIZE
1864;SAINT-PALAIS
1865;LOURDES
1866;ARGELES-GAZOST
1867;CAPVERN
1868;TARBES
1869;CAUTERETS
1870;SAINT-LARY-SOULAN
1871;ARREAU
1872;SAILHAN
1873;CAMPAN
1874;BAGNERES-DE-BIGORRE
1875;BAREGES
1876;ESQUIEZE-SERE
1877;SEMEAC
1878;LUZ-SAINT-SAUVEUR
1879;GERM
1880;ARAGNOUET
1881;ADE
1882;VIELLE-AURE
1883;ARGELES SUR MER
1884;ELNE
1885;CANET EN ROUSSILLON
1886;SAINTE-MARIE-LA-MER
1887;SAINT-CYPRIEN
1888;PERPIGNAN
1889;PERPIGNAN
1890;TORREILLES
1891;LE BARCARES
1892;CORNEILLA DEL VERCOL
1893;TOULOUGES
1894;ALENYA
1895;LES ANGLES
1896;BOLQUERE
1897;AMELIE LES BAINS
1898;CERET
1899;FONT-ROMEU ODEILLO-VIA
1900;RIVESALTES
1901;PUYVALADOR
1902;SAINT-PAUL-DE-FENOUILLET
1903;FORMIGUERES
1904;LE BOULOU
1905;ALBIGNY-SUR-SAONE
1906;LYON 2EME
1907;NEUVILLE SUR SAONE
1908;LYON 4EME
1909;LYON 5EME
1910;LYON 9EME
1911;QUINCIEUX
1912;CALUIRE ET CUIRE
1913;LYON 1ER
1914;RILLIEUX-LA-PAPE
1915;FONTAINES SUR SAONE
1916;GENAY
1917;FLEURIEU-SUR-SAONE
1918;COUZON-AU-MONT-D OR
1919;SATHONAY-CAMP
1920;CURIS-AU-MONT-D'OR
1921;CAILLOUX-SUR-FONTAINES
1922;ROCHETAILLEE-SUR-SAONE
1923;SAINT-ROMAIN-AU-MONT-D OR
1924;MONTANAY
1925;SATHONAY-VILLAGE
1926;SAINT-GERMAIN-AU-MONT-D OR
1927;LYON 3EME
1928;LYON 7EME
1929;LYON 6EME
1930;LYON 8EME
1931;MEYZIEU
1932;SAINT-PIERRE-DE-CHANDIEU
1933;VILLEURBANNE
1934;VENISSIEUX
1935;DECINES-CHARPIEU
1936;TERNAY
1937;VAULX EN VELIN
1938;SAINT-PRIEST
1939;MIONS
1940;ST FONS
1941;CHASSIEU
1942;BRON
1943;CORBAS
1944;GENAS
1945;SAINT-BONNET-DE-MURE
1946;SEREZIN-DU-RHONE
1947;FEYZIN
1948;SAINT-LAURENT-DE-MURE
1949;SOLAIZE
1950;SAINT-SYMPHORIEN-D'OZON
1951;TOUSSIEU
1952;SAINT-GENIS-LAVAL
1953;OULLINS
1954;LA MULATIERE
1955;SAINTE FOY LES LYON
1956;SOUCIEU EN JARREST
1957;BRIGNAIS
1958;CONDRIEU
1959;TALUYERS
1960;GRIGNY
1961;GIVORS
1962;IRIGNY
1963;AMPUIS
1964;SAINT LAURENT D'AGNY
1965;CHARLY
1966;PIERRE BENITE
1967;VERNAISON
1968;SAINTE-COLOMBE
1969;SAINT ROMAIN EN GAL
1970;ECHALAS
1971;MONTAGNY
1972;MORNANT
1973;CHAPONOST
1974;VOURLES
1975;FRANCHEVILLE
1976;COLLONGES-AU-MONT- D OR
1977;ECULLY
1978;DARDILLY
1979;CRAPONNE
1980;TASSIN-LA-DEMI-LUNE
1981;BRINDAS
1982;DUERNE
1983;MARCY-L ETOILE
1984;MARCILLY-D AZERGUES
1985;L ARBRESLE
1986;CHAMPAGNE-AU-MONT-D OR
1987;FLEURIEUX-SUR-L ARBRESLE
1988;GREZIEU-LA-VARENNE
1989;LIMONEST
1990;CHARBONNIERES-LES-BAINS
1991;SAIN-BEL
1992;LENTILLY
1993;CHASSELAY
1994;BRUSSIEU
1995;BULLY
1996;SAINT CYR AU MONT D OR
1997;SAINT GERMAIN NUELLES
1998;COURZIEU
1999;DOMMARTIN
2000;POLLIONNAY
2001;LA TOUR DE SALVAGNY
2002;SAINTE-FOY-L ARGENTIERE
2003;SAINT-DIDIER-AU-MONT-D OR
2004;SAINT SYMPHORIEN SUR COISE
2005;THURINS
2006;SARCEY
2007;VILLEFRANCHE
2008;THIZY LES BOURGS
2009;LOZANNE
2010;LIMAS
2011;ALIX
2012;ARNAS
2013;TARARE
2014;GLEIZE
2015;SAINT GEORGES DE RENEINS
2016;CHARENTAY
2017;ANSE
2018;LAMURE SUR AZERGUES
2019;SAINT-DIDIER-SUR-BEAUJEU
2020;BELLEVILLE-EN-BEAUJOLAIS
2021;SAINT-FORGEUX
2022;AMPLEPUIS
2023;VILLE SUR JARNIOUX
2024;SAINT-JULIEN
2025;LEGNY
2026;VAL D'OINGT
2027;CERCIE
2028;LUCENAY
2029;CHESSY
2030;MARCY
2031;LUXEUIL-LES-BAINS
2032;HERICOURT
2033;LURE
2034;SAINT-SAUVEUR
2035;CHALONVILLARS
2036;VILLERSEXEL
2037;CHAGEY
2038;VESOUL
2039;NOIDANS-LES-VESOUL
2040;NAVENNE
2041;RIOZ
2042;PUSEY
2043;ECHENOZ-LA-MELINE
2044;ARC-LES-GRAY
2045;MACON
2046;TOURNUS
2047;CLUNY
2048;MONTCHANIN
2049;SAINT-DESERT
2050;CHALON-SUR-SAONE
2051;GIVRY
2052;SAINT-REMY
2053;MONTCEAU LES MINES
2054;SAINT VALLIER
2055;CHAGNY
2056;CHAROLLES
2057;PARAY LE MONIAL
2058;CHAUFFAILLES
2059;DIGOIN
2060;AUTUN
2061;LE CREUSOT
2062;BLANZY
2063;SAINT SERNIN DU BOIS
2064;LOUHANS
2065;LE MANS
2066;RUAUDIN
2067;ALLONNES
2068;LE MANS
2069;PARIGNE L EVEQUE
2070;MULSANNE
2071;MONTVAL-SUR-LOIR
2072;MONTFORT-LE-GESNOIS
2073;SAINT CALAIS
2074;SAINT MARS D OUTILLE
2075;SABLE SUR SARTHE
2076;NOYEN SUR SARTHE
2077;LA FLECHE
2078;AUBIGNE RACAN
2079;CLERMONT CREANS
2080;LA FERTE BERNARD
2081;CHAMPFLEUR
2082;MAMERS
2083;BEAUMONT SUR SARTHE
2084;AIX LES BAINS
2085;LA PLAGNE TARENTAISE
2086;SAINT-JEOIRE-PRIEURE
2087;LES BELLEVILLE
2088;VAL CENIS
2089;EPIERRE
2090;ALBERTVILLE
2091;VALLOIRE
2092;SAINT FRANCOIS LONGCHAMP
2093;VALMEINIER
2094;LA RAVOIRE
2095;BARBY
2096;VAL-D ISERE
2097;LES ALLUES
2098;CHAMBERY
2099;MONTVALEZAN
2100;TIGNES
2101;MODANE
2102;AUSSOIS
2103;BOURG-SAINT-MAURICE
2104;MOUXY
2105;AIME LA PLAGNE
2106;BASSENS
2107;HAUTELUCE
2108;COURCHEVEL
2109;SAINT-JEAN-D ARVEY
2110;VILLARD SUR DORON
2111;ENTRELACS
2112;VOGLANS
2113;TRESSERVE
2114;FLUMET
2115;LA MOTTE SERVOLEX
2116;PRALOGNAN-LA-VANOISE
2117;LES AVANCHERS VALMOREL
2118;BARBERAZ
2119;ALBIEZ-MONTROND
2120;GAILLARD
2121;LA BALME DE SILLINGY
2122;ANNECY
2123;FAVERGES-SEYTHENEX
2124;ANNECY
2125;MANIGOD
2126;ANNECY
2127;LE GRAND BORNAND
2128;VALLEIRY
2129;VEYRIER-DU-LAC
2130;DOUSSARD
2131;ANNEMASSE
2132;ANNECY
2133;NEYDENS
2134;ARGONAY
2135;RUMILLY
2136;VETRAZ-MONTHOUX
2137;MONNETIER-MORNEX
2138;COLLONGES-SOUS-SALEVE
2139;VILLE-LA-GRAND
2140;LUCINGES
2141;BONNE
2142;POISY
2143;CHENEX
2144;SAINT-JULIEN-EN-GENEVOIS
2145;LA CLUSAZ
2146;THONES
2147;ANNECY
2148;ALLONZIER-LA-CAILLE
2149;EPAGNY METZ-TESSY
2150;DUINGT
2151;COPPONEX
2152;ARCHAMPS
2153;GROISY
2154;VIRY
2155;MENTHON-SAINT-BERNARD
2156;CHAMONIX MONT BLANC
2157;VIUZ-EN-SALLAZ
2158;PRAZ SUR ARLY
2159;LA ROCHE SUR FORON
2160;SCIONZIER
2161;COMBLOUX
2162;THYEZ
2163;LES CONTAMINES MONTJOIE
2164;MONT-SAXONNEX
2165;ONNION
2166;SAINT GERVAIS LES BAINS
2167;SALLANCHES
2168;ARACHES LA FRASSE
2169;SERVOZ
2170;TANINGES
2171;LES GETS
2172;MEGEVE
2173;BONNEVILLE
2174;PASSY
2175;CLUSES
2176;MORILLON
2177;MARIGNIER
2178;SAMOENS
2179;VALLORCINE
2180;DEMI-QUARTIER
2181;CORNIER
2182;LES HOUCHES
2183;PASSY
2184;LA TOUR
2185;MIEUSSY
2186;AMANCY
2187;VERCHAIX
2188;SAINT-JEOIRE
2189;CORDON
2190;SAINT-PIERRE-EN-FAUCIGNY
2191;CONTAMINE-SUR-ARVE
2192;GLIERES-VAL-DE-BORNE
2193;MARNAZ
2194;EVIAN-LES-BAINS
2195;SAINT-PAUL-EN-CHABLAIS
2196;SAINT-JEAN-D'AULPS
2197;SAINT-ETIENNE-DU-ROUVRAY
2198;ROUEN
2199;ROUEN
2200;MESNIL-ESNARD (LE)
2201;GRAND QUEVILLY (LE)
2202;BONSECOURS
2203;PETIT QUEVILLY (LE)
2204;PETIT-COURONNE (LE)
2205;SOTTEVILLE-LES-ROUEN
2206;CAUDEBEC-LES-ELBEUF
2207;ELBEUF
2208;TOURVILLE-LA-RIVIERE
2209;SAINT PIERRE LES ELBEUF
2210;AMFREVILLE-LA-MIVOIE
2211;MONT-SAINT-AIGNAN
2212;MAROMME
2213;DARNETAL
2214;CANTELEU
2215;BARENTIN
2216;BOIS GUILLAUME
2217;SAINT-LEGER-DU-BOURG-DENIS
2218;DEVILLE-LES-ROUEN
2219;BIHOREL
2220;NOTRE-DAME-DE-BONDEVILLE
2221;VILLERS ECALLES
2222;DIEPPE
2223;ARQUES-LA-BATAILLE
2224;LE TREPORT
2225;EU
2226;DIEPPE
2227;LE HAVRE
2228;LE HAVRE
2229;LE HAVRE
2230;STE ADRESSE
2231;HARFLEUR
2232;MONTIVILLIERS
2233;GRUCHET-LE-VALASSE
2234;SAINT-ROMAIN-DE-COLBOSC
2235;SAINT-LAURENT-DE-BREVEDENT
2236;FECAMP
2237;LANQUETOT
2238;LILLEBONNE
2239;ETRETAT
2240;PORT-JEROME-SUR-SEINE
2241;GONFREVILLE L ORCHER
2242;MANIQUERVILLE
2243;BOLBEC
2244;BREAUTE
2245;FORGES-LES-EAUX
2246;GOURNAY-EN-BRAY
2247;RIVES-EN-SEINE
2248;SAINT-VALERY-EN-CAUX
2249;YVETOT
2250;SAINT-PIERRE-EN-PORT
2251;SAINT MARTIN AUX BUNEAUX
2252;YERVILLE
2253;GREMONVILLE
2254;SERVON
2255;OZOIR LA FERRIERE
2256;MELUN
2257;TOURNAN-EN-BRIE
2258;VAUX-LE-PENIL
2259;LE MEE SUR SEINE
2260;BRIE COMTE ROBERT
2261;CHAMPEAUX
2262;COMBS LA VILLE
2263;LIEUSAINT
2264;SAINT-FARGEAU-PONTHIERRY
2265;LESIGNY
2266;BARBIZON
2267;GRETZ-ARMAINVILLIERS
2268;REAU
2269;SAVIGNY-LE-TEMPLE
2270;NANDY
2271;PRESLES-EN-BRIE
2272;PONTAULT COMBAULT
2273;GUIGNES
2274;CHARTRETTES
2275;DAMMARIE LES LYS
2276;CESSON
2277;GRISY-SUISNES
2278;CHATELET-EN-BRIE (LE)
2279;ROCHETTE(LA)
2280;MACHAULT
2281;ROISSY-EN-BRIE
2282;PRINGY
2283;SOLERS
2284;MOISSY-CRAMAYEL
2285;MONTEREAU FAULT YONNE
2286;SAINT-PIERRE-LES-NEMOURS
2287;MONTIGNY-SUR-LOING
2288;FONTAINEBLEAU
2289;ANDREZEL
2290;AVON
2291;BOMBON
2292;NEMOURS
2293;SOIGNOLLES-EN-BRIE
2294;HERICY
2295;COUBERT
2296;MORET-LOING-ET-ORVANNE
2297;SAMOIS SUR SEINE
2298;NOISY-SUR-ECOLE
2299;CHEVRY-COSSIGNY
2300;EVRY-GREGY-SUR-YERRE
2301;CHAUMES-EN-BRIE
2302;CHAMPAGNE SUR SEINE
2303;SEINE-PORT
2304;FAVIERES
2305;MORMANT
2306;VOULX
2307;ACHERES-LA-FORET
2308;CHAMPDEUIL
2309;SOUPPES-SUR-LOING
2310;PONTCARRE
2311;SAINT-MAMMES
2312;SAINT-SAUVEUR-SUR-ECOLE
2313;SIVRY-COURTRY
2314;BOIS LE ROI
2315;SAINT-MARTIN-EN-BIERE
2316;REBAIS
2317;FONTENAY-TRESIGNY
2318;COULOMMIERS
2319;QUINCY-VOISINS
2320;JOUY-SUR-MORIN
2321;LA FERTE SOUS JOUARRE
2322;ESBLY
2323;CITRY
2324;CROUY-SUR-OURCQ
2325;MORTCERF
2326;ROZAY-EN-BRIE
2327;MARY-SUR-MARNE
2328;COUILLY-PONT-AUX-DAMES
2329;CRECY LA CHAPELLE
2330;BASSEVELLE
2331;CONDE-SAINTE-LIBIAIRE
2332;FERTE-GAUCHER (LA)
2333;VILLENEUVE-SAINT-DENIS
2334;DOUY-LA-RAMEE
2335;SAINT-SIMEON
2336;BEAUTHEIL-SAINTS
2337;VILLIERS-SUR-MORIN
2338;JOUARRE
2339;CANNES-ECLUSE
2340;GENEVRAYE (LA)
2341;CLAYE-SOUILLY
2342;MEAUX
2343;SAINT THIBAULT DES VIGNES
2344;TORCY
2345;CHELLES
2346;VILLEPARISIS
2347;LONGPERRIER
2348;BUSSY-SAINT-GEORGES
2349;SERRIS
2350;MONTEVRAIN
2351;NOISIEL
2352;ANNET-SUR-MARNE
2353;POMPONNE
2354;COLLEGIEN
2355;VARREDDES
2356;LAGNY-SUR-MARNE
2357;CHAMPS-SUR-MARNE
2358;EMERAINVILLE
2359;BUSSY-SAINT-MARTIN
2360;SAINT-PATHUS
2361;DAMMARTIN-EN-GOELE
2362;VAIRES SUR MARNE
2363;LOGNES
2364;CHANTELOUP EN BRIE
2365;MAGNY-LE-HONGRE
2366;COUPVRAY
2367;VILLENOY
2368;THORIGNY SUR MARNE
2369;BAILLY-ROMAINVILLIERS
2370;LE PIN
2371;CREGY-LES-MEAUX
2372;CHESSY
2373;VILLENEUVE SOUS DAMMARTIN
2374;BROU-SUR-CHANTEREINE
2375;VILLEVAUDE
2376;FERRIERES-EN-BRIE
2377;MITRY MORY
2378;NANTEUIL-LES-MEAUX
2379;DAMPMART
2380;NANTOUILLET
2381;CHARMENTRAY
2382;TRILPORT
2383;SAINT-MARD
2384;SAINT-SOUPPLETS
2385;OISSERY
2386;OTHIS
2387;JOSSIGNY
2388;COURTRY
2389;CROISSY-BEAUBOURG
2390;TRILBARDOU
2391;GOUVERNES
2392;POINCY
2393;CARNETIN
2394;CHAUCONIN-NEUFMONTIERS
2395;GUERMANTES
2396;CHAMBRY
2397;MESSY
2398;THIEUX
2399;ISLES-LES-VILLENOY
2400;PROVINS
2401;GASTINS
2402;NANGIS
2403;MOUY-SUR-SEINE
2404;ORMES-SUR-VOULZIE (LES)
2405;MOUSSEAUX-LES-BRAY
2406;MAISON-ROUGE
2407;VERSAILLES
2408;SAINT-CYR-L ECOLE
2409;BOIS D ARCY
2410;VIROFLAY
2411;MONTIGNY LE BRETONNEUX
2412;VELIZY VILLACOUBLAY
2413;TRAPPES
2414;GUYANCOURT
2415;FONTENAY LE FLEURY
2416;LE CHESNAY-ROCQUENCOURT
2417;JOUY EN JOSAS
2418;BUC
2419;CHATEAUFORT
2420;MARLY-LE-ROI
2421;VESINET (LE)
2422;PLAISIR
2423;CLAYES-SOUS-BOIS (LES)
2424;MAISONS-LAFFITTE
2425;SARTROUVILLE
2426;LOUVECIENNES
2427;CROISSY SUR SEINE
2428;CARRIERES SUR SEINE
2429;HOUILLES
2430;ETANG-LA-VILLE (L )
2431;CHATOU
2432;VILLEPREUX
2433;PORT-MARLY (LE)
2434;MONTESSON
2435;MESNIL-LE-ROI (LE)
2436;BOUGIVAL
2437;CELLE-SAINT-CLOUD (LA)
2438;NOISY LE ROI
2439;SAINT-NOM-LA-BRETECHE
2440;CHAVENAY
2441;BAILLY
2442;FEUCHEROLLES
2443;CONFLANS SAINTE HONORINE
2444;MAURECOURT
2445;PECQ (LE)
2446;ANDRESY
2447;SAINT-GERMAIN-EN-LAYE
2448;ORGEVAL
2449;MAULE
2450;POISSY
2451;TRIEL SUR SEINE
2452;MEULAN-EN-YVELINES
2453;CARRIERES SOUS POISSY
2454;VERNEUIL SUR SEINE
2455;MUREAUX (LES)
2456;ACHERES
2457;MAREIL-MARLY
2458;VILLENNES-SUR-SEINE
2459;VERNOUILLET
2460;AUBERGENVILLE
2461;BOUAFLE
2462;CHANTELOUP-LES-VIGNES
2463;MORAINVILLIERS
2464;ECQUEVILLY
2465;SAINT-GERMAIN-EN-LAYE
2466;VAUX-SUR-SEINE
2467;MEZY-SUR-SEINE
2468;CHAMBOURCY
2469;CRESPIERES
2470;NEZEL
2471;FLINS-SUR-SEINE
2472;EPONE
2473;MANTES-LA-JOLIE
2474;BUCHELAY
2475;MEZIERES-SUR-SEINE
2476;MANTES-LA-VILLE
2477;HOUDAN
2478;FONTENAY-SAINT-PERE
2479;LIMAY
2480;ISSOU
2481;FRENEUSE
2482;MAULETTE
2483;PERDREAUVILLE
2484;BENNECOURT
2485;GARGENVILLE
2486;SEPTEUIL
2487;RICHEBOURG
2488;BONNIERES-SUR-SEINE
2489;LIMETZ-VILLEZ
2490;GUERVILLE
2491;JUZIERS
2492;SAINT-MARTIN-DES-CHAMPS
2493;MAGNANVILLE
2494;ORVILLIERS
2495;MAUREPAS
2496;ELANCOURT
2497;CERNAY-LA-VILLE
2498;MESNIL-SAINT-DENIS (LE)
2499;MAGNY-LES-HAMEAUX
2500;RAMBOUILLET
2501;SAINT-LEGER-EN-YVELINES
2502;ESSARTS-LE-ROI (LES)
2503;BEYNES
2504;THOIRY
2505;JOUARS-PONTCHARTRAIN
2506;GALLUIS
2507;SAINT-GERMAIN-DE-LA-GRANGE
2508;NEAUPHLE-LE-CHATEAU
2509;CHEVREUSE
2510;SAINT-ARNOULT-EN-YVELINES
2511;MAREIL-LE-GUYON
2512;MESNULS (LES)
2513;SAINT-REMY-LES-CHEVREUSE
2514;VOISINS-LE-BRETONNEUX
2515;QUEUE-LES-YVELINES (LA)
2516;GAZERAN
2517;COIGNIERES
2518;MONTFORT-L AMAURY
2519;BULLION
2520;VILLIERS-SAINT-FREDERIC
2521;PERRAY-EN-YVELINES (LE)
2522;TREMBLAY-SUR-MAULDRE (LE)
2523;BONNELLES
2524;VERRIERE (LA)
2525;ROCHEFORT-EN-YVELINES
2526;DAMPIERRE-EN-YVELINES
2527;PARTHENAY
2528;NIORT
2529;EXIREUIL
2530;CHAURAY
2531;ST MAIXENT L ECOLE
2532;LES FORGES
2533;BRESSUIRE
2534;FRONTENAY-ROHAN-ROHAN
2535;AMIENS
2536;AMIENS
2537;LONGUEAU
2538;SAINT-FUSCIEN
2539;AMIENS
2540;CORBIE
2541;CAMON
2542;PLACHY-BUYON
2543;FORT-MAHON-PLAGE
2544;LE CROTOY
2545;CAYEUX-SUR-MER
2546;DOULLENS
2547;QUEND
2548;FRIVILLE-ESCARBOTIN
2549;MERS-LES-BAINS
2550;AULT
2551;ABBEVILLE
2552;WOIGNARUE
2553;SAINT-VALERY-SUR-SOMME
2554;ROYE
2555;MEHARICOURT
2556;AILLY-SUR-NOYE
2557;ALBERT
2558;PERONNE
2559;ALBI
2560;LISLE-SUR-TARN
2561;SAINT JUERY
2562;CASTRES
2563;MAZAMET
2564;SAINT-SULPICE-LA-POINTE
2565;MOISSAC
2566;MONTAUBAN
2567;LA VILLE DIEU DU TEMPLE
2568;CASTELSARRASIN
2569;BEAUMONT DE LOMAGNE
2570;ST-ETIENNE-DE-TULMONT
2571;MONTECH
2572;MONTBETON
2573;VERDUN-SUR-GARONNE
2574;CAUSSADE
2575;SAINT ANTONIN NOBLE VAL
2576;GRISOLLES
2577;FREJUS
2578;DRAGUIGNAN
2579;GRIMAUD
2580;SAINT RAPHAEL
2581;COGOLIN
2582;SAINT TROPEZ
2583;ROQUEBRUNE-SUR-ARGENS
2584;LA CROIX VALMER
2585;SAINTE MAXIME
2586;ROQUEBRUNE-SUR-ARGENS
2587;LE MUY
2588;PUGET-SUR-ARGENS
2589;RAMATUELLE
2590;SAINT RAPHAEL
2591;CAVALAIRE-SUR-MER
2592;FREJUS
2593;LES ADRETS DE L ESTEREL
2594;BAGNOLS-EN-FORET
2595;ENTRECASTEAUX
2596;CALLIAN
2597;BRIGNOLES
2598;FAYENCE
2599;SEILLANS
2600;LORGUES
2601;BARJOLS
2602;MONTAUROUX
2603;TOURVES
2604;GAREOULT
2605;BARGEMON
2606;CLAVIERS
2607;LE CANNET DES MAURES
2608;TOURRETTES
2609;GONFARON
2610;LES ARCS
2611;RIANS
2612;ROCBARON
2613;LE LUC
2614;MONTFORT SUR ARGENS
2615;SALERNES
2616;VIDAUBAN
2617;CABASSE
2618;ROUGIERS
2619;MONTFERRAT
2620;TOURTOUR
2621;ST MAXIMIN LA STE BAUME
2622;LA GARDE
2623;LA SEYNE SUR MER
2624;TOULON
2625;TOULON
2626;SIX-FOURS-LES-PLAGES
2627;LA VALETTE DU VAR
2628;LE PRADET
2629;TOULON
2630;SAINT-MANDRIER-SUR-MER
2631;LE REVEST LES EAUX
2632;LE LAVANDOU
2633;CARQUEIRANNE
2634;BANDOL
2635;SANARY SUR MER
2636;SOLLIES-PONT
2637;HYERES
2638;LE BEAUSSET
2639;SAINT-CYR-SUR-MER
2640;LA LONDE LES MAURES
2641;LA CADIERE D AZUR
2642;OLLIOULES
2643;BORMES-LES-MIMOSAS
2644;LA FARLEDE
2645;LA CRAU
2646;PUGET-VILLE
2647;CUERS
2648;EVENOS
2649;PIERREFEU-DU-VAR
2650;BELGENTIER
2651;SOLLIES-VILLE
2652;SOLLIES-TOUCAS
2653;CARNOULES
2654;SIGNES
2655;LE CASTELLET
2656;COLLOBRIERES
2657;CARPENTRAS
2658;AVIGNON
2659;MONTEUX
2660;AVIGNON
2661;BEDOIN
2662;SORGUES
2663;LE PONTET
2664;MORIERES LES AVIGNON
2665;PERNES LES FONTAINES
2666;BEDARRIDES
2667;SARRIANS
2668;VEDENE
2669;COURTHEZON
2670;AUBIGNAN
2671;ENTRAIGUES-SUR-LA-SORGUE
2672;CAROMB
2673;MALEMORT-DU-COMTAT
2674;VILLELAURE
2675;APT
2676;L ISLE SUR LA SORGUE
2677;PERTUIS
2678;LAURIS
2679;CAVAILLON
2680;LE THOR
2681;LA TOUR D AIGUES
2682;SAUMANE-DE-VAUCLUSE
2683;VIENS
2684;SAINT-SATURNIN LES APT
2685;CHATEAUNEUF-DE-GADAGNE
2686;LA BASTIDE DES JOURDANS
2687;MERINDOL
2688;ORANGE
2689;SAINTE-CECILE-LES-VIGNES
2690;BOLLENE
2691;JONQUIERES
2692;VACQUEYRAS
2693;VAISON-LA-ROMAINE
2694;VISAN
2695;BARROUX (LE)
2696;MORNAS
2697;MALAUCENE
2698;BEAUMES-DE-VENISE
2699;CHATEAUNEUF-DU-PAPE
2700;SERIGNAN-DU-COMTAT
2701;ROCHE SUR YON (LA)
2702;SAINT-PHILBERT-DE-BOUAINE
2703;ESSARTS EN BOCAGE
2704;MONTAIGU-VENDEE
2705;CHANTONNAY
2706;BROUZILS (LES)
2707;ROCHESERVIERE
2708;SAINT-FULGENT
2709;HERBIERS (LES)
2710;MORTAGNE-SUR-SEVRE
2711;FONTENAY-LE-COMTE
2712;LUCON
2713;AIGUILLON-SUR-MER (L )
2714;LONGEVILLE-SUR-MER
2715;TALMONT-SAINT-HILAIRE
2716;BRETIGNOLLES-SUR-MER
2717;SAINT-HILAIRE-DE-RIEZ
2718;SABLES-D'OLONNE (LES)
2719;SABLES-D'OLONNE (LES)
2720;SAINT-GILLES-CROIX-DE-VIE
2721;FAUTE-SUR-MER (LA)
2722;TRANCHE-SUR-MER (LA)
2723;JARD-SUR-MER
2724;SABLES-D'OLONNE (LES)
2725;SAINT-VINCENT-SUR-JARD
2726;VAIRE
2727;LES ACHARDS
2728;CHALLANS
2729;BEAUVOIR-SUR-MER
2730;NOIRMOUTIER-EN-L'ILE
2731;SAINT-JEAN-DE-MONTS
2732;NOTRE-DAME-DE-MONTS
2733;BARBATRE
2734;BARRE-DE-MONTS (LA)
2735;POITIERS
2736;CHASSENEUIL-DU-POITOU
2737;MIGNALOUX-BEAUVOIR
2738;FONTAINE-LE-COMTE
2739;BUXEROLLES
2740;CHATELLERAULT
2741;LA ROCHE POSAY
2742;BOURESSE
2743;CHAUVIGNY
2744;ISLE
2745;LIMOGES
2746;LIMOGES
2747;ST YRIEIX LA PERCHE
2748;ST-LEONARD-DE-NOBLAT
2749;BESSINES-SUR-GARTEMPE
2750;LIMOGES
2751;COUZEIX
2752;GOLBEY
2753;EPINAL
2754;HADOL
2755;DARNIEULLES
2756;VITTEL
2757;CAPAVENIR VOSGES
2758;DAMAS-ET-BETTEGNEY
2759;CHANTRAINE
2760;DEYVILLERS
2761;LONGCHAMP
2762;CONTREXEVILLE
2763;MIRECOURT
2764;NEUFCHATEAU
2765;CHENIMENIL
2766;PIERREFITTE
2767;LES FORGES
2768;GIRANCOURT
2769;LIFFOL-LE-GRAND
2770;LAVELINE-DEVANT-BRUYERES
2771;RAMBERVILLERS
2772;JEUXEY
2773;FRAIZE
2774;PLAINFAING
2775;RAON L ETAPE
2776;XONRUPT-LONGEMER
2777;GERARDMER
2778;PAIR-ET-GRANDRUPT
2779;SAINT DIE DES VOSGES
2780;SAINTE-MARGUERITE
2781;SAULCY-SUR-MEURTHE
2782;MOYENMOUTIER
2783;GERBEPAL
2784;LA FORGE
2785;VENTRON
2786;BUSSANG
2787;LA BRESSE
2788;REMIREMONT
2789;RAMONCHAMP
2790;RUPT-SUR-MOSELLE
2791;SAINT-NABORD
2792;LE THILLOT
2793;VAGNEY
2794;SAPOIS
2795;CORNIMONT
2796;ST-ETIENNE-LES-REMIREMONT
2797;POUXEUX
2798;AUXERRE
2799;ST GEORGES SUR BAULCHE
2800;TONNERRE
2801;CHEVANNES
2802;VENOY
2803;MONTREAL
2804;AVALLON
2805;VILLENEUVE SUR YONNE
2806;PARON
2807;ST CLEMENT
2808;SENS
2809;SAVIGNY SUR CLAIRIS
2810;ST VALERIEN
2811;MALAY LE GRAND
2812;THORIGNY-SUR-OREUSE
2813;CHEROY
2814;BELFORT
2815;OFFEMONT
2816;BEAUCOURT
2817;BONDOUFLE
2818;CORBEIL ESSONNES
2819;BOUSSY-SAINT-ANTOINE
2820;BRUNOY
2821;EVRY-COURCOURONNES
2822;ETIOLLES
2823;MENNECY
2824;VILLABE
2825;YERRES
2826;COUDRAY-MONTCEAUX (LE)
2827;BALLANCOURT-SUR-ESSONNE
2828;SAINT-PIERRE-DU-PERRAY
2829;DRAVEIL
2830;VARENNES-JARCY
2831;CROSNE
2832;MONTGERON
2833;SOISY-SUR-SEINE
2834;VIGNEUX SUR SEINE
2835;FONTENAY-LE-VICOMTE
2836;SAINT-GERMAIN-LES-CORBEIL
2837;LISSES
2838;SAINTRY-SUR-SEINE
2839;RIS-ORANGIS
2840;VERT LE PETIT
2841;EPINAY-SOUS-SENART
2842;QUINCY-SOUS-SENART
2843;EVRY-COURCOURONNES
2844;ORMOY
2845;TIGERY
2846;CHAMPCUEIL
2847;VERT LE GRAND
2848;SAVIGNY-SUR-ORGE
2849;ATHIS MONS
2850;JUVISY SUR ORGE
2851;SAINTE-GENEVIEVE-DES-BOIS
2852;LONGJUMEAU
2853;MASSY
2854;MORANGIS
2855;WISSOUS
2856;CHILLY MAZARIN
2857;SAULX-LES-CHARTREUX
2858;BALLAINVILLIERS
2859;VIRY CHATILLON
2860;VILLIERS-SUR-ORGE
2861;MORSANG-SUR-ORGE
2862;GRIGNY
2863;VILLEMOISSON-S-ORGE
2864;PARAY-VIEILLE-POSTE
2865;EPINAY SUR ORGE
2866;CHAMPLAN
2867;FLEURY-MEROGIS
2868;SAINT-MICHEL-SUR-ORGE
2869;MONTLHERY
2870;LINAS
2871;BRETIGNY SUR ORGE
2872;CHEPTAINVILLE
2873;ARPAJON
2874;SAINT-VRAIN
2875;EGLY
2876;LONGPONT-SUR-ORGE
2877;LA NORVILLE
2878;BRUYERES-LE-CHATEL
2879;SAINT-GERMAIN-LES-ARPAJON
2880;OLLAINVILLE
2881;LEUVILLE-SUR-ORGE
2882;LE PLESSIS PATE
2883;LEUDEVILLE
2884;MAROLLES-EN-HUREPOIX
2885;ETAMPES
2886;BOUTIGNY-SUR-ESSONNE
2887;BOISSY-SOUS-SAINT-YON
2888;ORMOY-LA-RIVIERE
2889;ETRECHY
2890;SOISY-SUR-ECOLE
2891;DOURDAN
2892;SACLAS
2893;MILLY-LA-FORET
2894;PUSSAY
2895;ROINVILLE-SOUS-DOURDAN
2896;BAULNE
2897;CORBREUSE
2898;FERTE-ALAIS (LA)
2899;CERNY
2900;MORIGNY-CHAMPIGNY
2901;GUIGNEVILLE
2902;LARDY
2903;D   HUISON LONGUEVILLE
2904;BOURAY-SUR-JUINE
2905;COURANCES
2906;BREUILLET
2907;BRIERES-LES-SCELLES
2908;MAISSE
2909;VAL-SAINT-GERMAIN (LE)
2910;SAINT-CYR-SOUS-DOURDAN
2911;ITTEVILLE
2912;SAINT-YON
2913;CHAMARANDE
2914;VAYRES-SUR-ESSONNE
2915;BOISSY-LE-CUTTE
2916;VILLENEUVE-SUR-AUVERS
2917;ANGERVILLIERS
2918;ANGERVILLE
2919;MARCOUSSIS
2920;BRIIS-SOUS-FORGES
2921;ORSAY
2922;GIF SUR YVETTE
2923;PALAISEAU
2924;FORGES-LES-BAINS
2925;LES ULIS
2926;BIEVRES
2927;NOZAY
2928;BURES SUR YVETTE
2929;LIMOURS
2930;IGNY
2931;VERRIERES LE BUISSON
2932;VILLE-DU-BOIS (LA)
2933;VILLEBON SUR YVETTE
2934;VAUGRIGNEUSE
2935;GOMETZ-LA-VILLE
2936;VILLIERS-LE-BACLE
2937;GOMETZ-LE-CHATEL
2938;VILLEJUST
2939;SAINT-JEAN-DE-BEAUREGARD
2940;SACLAY
2941;PUTEAUX
2942;RUEIL-MALMAISON
2943;SURESNES
2944;NANTERRE
2945;COURBEVOIE
2946;BOIS-COLOMBES
2947;LA GARENNE-COLOMBES
2948;ASNIERES-SUR-SEINE
2949;GENNEVILLIERS
2950;COLOMBES
2951;VILLENEUVE-LA-GARENNE
2952;LEVALLOIS-PERRET
2953;CLICHY
2954;NEUILLY-SUR-SEINE
2955;BOULOGNE-BILLANCOURT
2956;VAUCRESSON
2957;GARCHES
2958;SAINT-CLOUD
2959;MEUDON
2960;SEVRES
2961;BOULOGNE-BILLANCOURT
2962;MEUDON
2963;VILLE-D'AVRAY
2964;CHAVILLE
2965;CHATENAY-MALABRY
2966;BOURG-LA-REINE
2967;ISSY-LES-MOULINEAUX
2968;MONTROUGE
2969;FONTENAY-AUX-ROSES
2970;CLAMART
2971;ANTONY
2972;VANVES
2973;SCEAUX
2974;LE PLESSIS-ROBINSON
2975;CHATILLON
2976;BAGNEUX
2977;MALAKOFF
2978;LE PRE-SAINT-GERVAIS
2979;ROMAINVILLE
2980;LES LILAS
2981;BAGNOLET
2982;NOISY-LE-SEC
2983;BOBIGNY
2984;LES PAVILLONS-SOUS-BOIS
2985;DRANCY
2986;BONDY
2987;PANTIN
2988;SAINT-OUEN-SUR-SEINE
2989;AUBERVILLIERS
2990;SAINT-DENIS
2991;LA COURNEUVE
2992;EPINAY SUR SEINE
2993;SAINT-DENIS
2994;PIERREFITTE-SUR-SEINE
2995;STAINS
2996;LE BOURGET
2997;VILLETANEUSE
2998;L'ILE-SAINT-DENIS
2999;DUGNY
3000;VAUJOURS
3001;TREMBLAY-EN-FRANCE
3002;COUBRON
3003;SEVRAN
3004;CLICHY SOUS BOIS
3005;LIVRY-GARGAN
3006;AULNAY SOUS BOIS
3007;VILLEPINTE
3008;LE BLANC-MESNIL
3009;NEUILLY-SUR-MARNE
3010;NEUILLY-PLAISANCE
3011;GAGNY
3012;NOISY-LE-GRAND
3013;GOURNAY SUR MARNE
3014;LE RAINCY
3015;MONTFERMEIL
3016;MONTREUIL
3017;ROSNY-SOUS-BOIS
3018;VILLEMOMBLE
3019;ST MAURICE
3020;SAINT-MAUR-DES-FOSSES
3021;SAINT-MAUR-DES-FOSSES
3022;JOINVILLE-LE-PONT
3023;ALFORTVILLE
3024;MAISONS-ALFORT
3025;CHARENTON-LE-PONT
3026;CRETEIL
3027;BONNEUIL-SUR-MARNE
3028;IVRY-SUR-SEINE
3029;CACHAN
3030;LE KREMLIN-BICETRE
3031;VILLEJUIF
3032;FRESNES
3033;CHOISY-LE-ROI
3034;VITRY-SUR-SEINE
3035;THIAIS
3036;L'HAY-LES-ROSES
3037;ORLY
3038;CHEVILLY-LARUE
3039;RUNGIS
3040;GENTILLY
3041;ARCUEIL
3042;VILLENEUVE-SAINT-GEORGES
3043;PERIGNY
3044;BOISSY-SAINT-LEGER
3045;VALENTON
3046;CHENNEVIERES SUR MARNE
3047;LA QUEUE-EN-BRIE
3048;VILLIERS-SUR-MARNE
3049;SUCY-EN-BRIE
3050;LIMEIL-BREVANNES
3051;VILLECRESNES
3052;ABLON-SUR-SEINE
3053;LE PLESSIS-TREVISE
3054;MANDRES-LES-ROSES
3055;VILLENEUVE-LE-ROI
3056;NOISEAU
3057;SANTENY
3058;ORMESSON-SUR-MARNE
3059;MAROLLES-EN-BRIE
3060;NOGENT-SUR-MARNE
3061;VINCENNES
3062;BRY-SUR-MARNE
3063;SAINT-MANDE
3064;FONTENAY-SOUS-BOIS
3065;LE PERREUX-SUR-MARNE
3066;CHAMPIGNY-SUR-MARNE
3067;PONTOISE
3068;MENUCOURT
3069;ERAGNY-SUR-OISE
3070;ST OUEN L AUMONE
3071;NOINTEL
3072;AUVERS-SUR-OISE
3073;L'ISLE-ADAM
3074;CERGY
3075;PIERRELAYE
3076;JOUY-LE-MOUTIER
3077;OSNY
3078;CERGY
3079;BEAUMONT-SUR-OISE
3080;MERIEL
3081;MERY-SUR-OISE
3082;PARMAIN
3083;CORMEILLES-EN-VEXIN
3084;COURDIMANCHE
3085;MAGNY-EN-VEXIN
3086;VAUREAL
3087;PONTOISE
3088;CHAMPAGNE SUR-OISE
3089;CHARS
3090;ENNERY
3091;PERSAN
3092;BOISSY-L'AILLERIE
3093;MARINES
3094;VILLIERS-ADAM
3095;VALMONDOIS
3096;LA ROCHE-GUYON
3097;GENAINVILLE
3098;BRUYERES-SUR-OISE
3099;LABBEVILLE
3100;VETHEUIL
3101;GOUSSAINVILLE
3102;BELLOY-EN-FRANCE
3103;GONESSE
3104;DOMONT
3105;ARNOUVILLE
3106;ROISSY-EN-FRANCE
3107;SAINT-BRICE-SOUS-FORET
3108;GARGES-LES-GONESSE
3109;ECOUEN
3110;LE THILLAY
3111;SARCELLES
3112;MONTSOULT
3113;SAINT-WITZ
3114;EZANVILLE
3115;BOUFFEMONT
3116;MAFFLIERS
3117;BAILLET-EN-FRANCE
3118;LOUVRES
3119;FOSSES
3120;VILLIERS-LE-BEL
3121;LUZARCHES
3122;VILLERON
3123;VEMARS
3124;VIARMES
3125;BONNEUIL-EN-FRANCE
3126;SURVILLIERS
3127;MOISSELLES
3128;ASNIERES-SUR-OISE
3129;PUISEUX-EN-FRANCE
3130;FONTENAY-EN-PARISIS
3131;CHAUMONTEL
3132;SEUGY
3133;MONTMORENCY
3134;ERMONT
3135;EAUBONNE
3136;FRANCONVILLE LA GARENNE
3137;PLESSIS-BOUCHARD (LE)
3138;FREPILLON
3139;TAVERNY
3140;ENGHIEN LES BAINS
3141;ST LEU LA FORET
3142;ST GRATIEN
3143;DEUIL LA BARRE
3144;BEAUCHAMP
3145;GROSLAY
3146;BESSANCOURT
3147;SAINT-PRIX
3148;MARGENCY
3149;SOISY SS MONTMORENCY
3150;MONTMAGNY
3151;MONTLIGNON
3152;ANDILLY
3153;SANNOIS
3154;HERBLAY-SUR-SEINE
3155;ARGENTEUIL
3156;MONTIGNY LES CORMEILLES
3157;BEZONS
3158;LA FRETTE-SUR-SEINE
3159;CORMEILLES-EN-PARISIS
3160;SAINT MARTIN
3161;SAINTE ANNE
3162;SCHOELCHER
3163;MARIN
3164;FORT DE FRANCE
3165;TROIS ILETS
3166;CASE PILOTE
3167;DUCOS
3168;LE LAMENTIN
3169;DIAMANT
3170;VAUCLIN
3171;SAINT JOSEPH
3172;SAINTE LUCE
3173;FORT DE FRANCE
3174;FRANCOIS
3175;ROBERT
3176;AJOUPA BOUILLON
3177;TRINITE
3178;GROS MORNE
3179;CAYENNE
3180;REMIRE MONTJOLY
3181;KOUROU
3182;MATOURY
3183;SAINT LAURENT DU MARONI
3184;SAINTE MARIE
3185;SAINT DENIS
3186;SAINT DENIS
3187;SAINT DENIS
3188;SAINT-PAUL
3189;SAINT-PAUL
3190;SAINT-BENOIT
3191;SAINT-ANDRE
3192;LA POSSESSION
3193;SAINT PIERRE
3194;SAINT-LEU
3195;PARIS 03
3196;PARIS 01
3197;PARIS 08
3198;PARIS 06
3199;PARIS 07
3200;PARIS 05
3201;PARIS 10
3202;PARIS 09
3203;PARIS 11
3204;PARIS 12
3205;PARIS 13
3206;PARIS 14
3207;PARIS 15
3208;PARIS 16
3209;PARIS 17
3210;PARIS 18
3211;PARIS 20
3212;PARIS 19
3213;PARIS 04
3214;PARIS 02
